purchdate;amount;mcc;mrchcity;mrchname;cnum
2019-11-02;9000000.0;5691;MOSCOW;IA7D1H Z1D1T7;MJNLMQ
2019-11-02;9000000.0;5691;MOSCOW;IA7D1H Z1D1T7;MJNLMQ
2019-10-25;7716900.0;5691;MOSCOW;HXL4K TL4EEXD;ELETCO
2019-11-29;5100000.0;6513;SANKT-PETERBU;7X 1E7HXD H1DKW1IKCL;EL0KSF
2019-12-03;5023956.6;5944;MOSKVA;73 7HJXK7 (W7X);MPKIJJ
2019-10-15;5010500.0;5533;UFA;H13KLK I1DEJ;IRQNKL
2019-11-29;5000000.0;5533;ROSTOV-NA-DON;777 CXEXJK YHJ T4K;ELKFNS
2019-11-02;5000000.0;5691;MOSCOW;IA7D1H Z1D1T7;MJNLMQ
2019-11-02;5000000.0;5691;MOSCOW;IA7D1H Z1D1T7;MJNLMQ
2019-11-09;4918000.0;5511;MOSCOW;2KM-7-C 0-L CI KEXJ.0.;ELQSCY
2019-12-03;4875320.0;5511;ZARECHE;W7D7TEX-C;8CDCFN
2019-09-26;4664500.0;5944;Ekaterinburg;Tlw Iorrj & 7tprok;LKJMKP
2019-12-05;4218000.0;5944;MOSKVA;E4997DO 7D8 IX;6DHXFG
2019-09-30;3745000.0;5511;MOSCOW;EXOXE7 3XHXC CKK0;MQIMTP
2019-11-19;3590349.0;5211;TOMSK;XXX KEJXY W7J3-J;ELYVTK
2019-10-19;3490000.0;5944;MOSCOW;C KEOH1;EETXJH
2019-10-22;3450000.0;7538;MOSCOW;7T4HXD C0;EL7FAX
2019-12-14;3300000.0;5521;MOSCOW;EXOXE7B-K1JT4K;E4L27Y
2019-11-16;3231360.0;5944;MOSCOW;XXX C KE4H C1JILJO;8EEZFO
2019-12-03;3091200.0;5944;MOSCOW;C KEOH1;1HDFHG
2019-09-21;3041920.0;5732;SANKT-PETERBU;KCKZ KW0 Z7HH1JO;7YFYXF
2019-12-03;3035500.0;5399;MOSKVA;EKLC EJ784DZ AXLK1;4DNSOF
2019-12-04;3000000.0;5651;MOSKVA;HXJX W47D7 M;ELJJNP
2019-12-13;2995035.0;5399;MOSKVA;EKLC EJ784DZ AXLK1;E447AC
2019-12-12;2948000.0;5948;ALUSHTA;3C9 8L1E;8DHNXD
2019-12-03;2907929.0;9311;MOSCOW;D7HXZ.JL;EEQNVH
2019-10-24;2874456.05;4511;MOSKVA;KX84K.JL/B  GVPFVMF5PF;QKLINJ
2019-11-19;2870103.95;4511;MOSKVA;KX84K.JL/B  GVPFVMF5PF;QKLINJ
2019-11-04;2868065.0;5944;MOSKVA;I7JE41J W1EJXT37;MIIIJN
2019-10-14;2848000.0;5511;MOSKVA G;Wgtkidr wl Elclwnr;ACGCHS
2019-12-06;2754000.0;4722;MOSKVA;C4EK-7T47;MNJKPN
2019-09-30;2741025.0;9311;MOSCOW;D7HXZ.JL;TIJRRQ
2019-11-13;2700000.0;5944;MOSCOW;C1JILJO;MIIIJN
2019-11-25;2698949.0;9311;MOSCOW;D7HXZ.JL;LJQTTJ
2019-11-13;2597364.24;4511;MOSKVA;KX84K.JL/B  GVPF56VS6P;ZYHCOO
2019-09-22;2527830.0;6513;SANKT-PETERBU;7X 1E7HXD H1DKW1IKCL;EL1QXR
2019-10-14;2500000.39;4511;MOSKVA;KX84K-1H4E  BVBSGQSG6M;IOSFNN
2019-12-12;2447201.0;8299;LONDON;9HOU4J1;1HDFHG
2019-12-11;2444440.0;5944;MOSKVA;0LHZ7J4;NJPPJK
2019-10-11;2440000.0;5511;MOSCOW;O7K1D DXT7-C CI KE0;ZOSDYX
2019-11-22;2400000.0;5651;MOSKVA;34EXD;9YSGXY
2019-09-29;2387000.0;5511;KOTELNIKI;7T4HXD 01H7O7 87IA7.;9XSDOF
2019-12-10;2371100.0;5691;MOSCOW;IA7D1H Z1D1T7;EEQ4VM
2019-11-30;2363500.0;5944;MOSKVA;E4997DO 7D8 IX;NQRNMQ
2019-10-11;2338984.69;5944;Milano;Iltumrt;RDXCND
2019-12-05;2337782.03;5944;MOSKVA;73 7HJXK7 (W7X);7FCOYO
2019-12-07;2315500.0;5691;MOSCOW;A1JC1K KEXH1KAD43XT;ELJJNP
2019-12-07;2300630.0;5511;ZARECHE;W7D7TEX-C;LRPIQQ
2019-09-20;2290000.0;5511;MYTISCHI;AOLD874-3T4KE;EEQNGH
2019-11-26;2261486.25;9311;MOSCOW;D7HXZ.JL;E4O9QU
2019-12-05;2243330.23;9311;MOSCOW;D7HXZ.JL;MLQPLK
2019-12-05;2235720.0;5511;ZARECHE;W7D7TEX-C;1HDFHG
2019-11-15;2224150.0;5944;SANKT-PETERBU;0LHZ7J4;E4FQMJ
2019-11-23;2202500.0;5521;MOSCOW;H1NLK-K1JT4K;MRQRQR
2019-09-30;2200000.0;7512;MOSKVA;C1JI181K 01D2;EEMPYJ
2019-11-03;2179895.0;5511;MOSCOW;7EK-0-L 7-C C-I KE.07D;EEJ4LB
2019-11-11;2100000.0;5511;MOSCOW;7EK-0-L 7-C C-I KE.07D;EE5LUN
2019-11-23;2090224.0;5691;SANKT-PETERBU;070XIA37;NKJJIT
2019-10-06;2069000.0;5511;PUTILKOVO;K-2 7-C CK KE.0.;MSFDHX
2019-09-21;2059329.08;8099;MOSCOW;1CI 3H4D437 KAIA1W34D7;8EEA9H
2019-11-23;2036500.0;5691;MOSCOW;IA7D1H Z1D1T7;NQRNMQ
2019-09-18;2031443.92;4511;MOSKVA;KX84K-K7CGVPGQQSG6Q;MTTJQK
2019-12-02;2000000.0;6300;MOSKVA;XXX K3 J749914K1D H491;E4DLQT
2019-11-27;2000000.0;5511;MOSCOW;H1NLK-7-C CI KE.0.;MLIRKR
2019-09-27;2000000.0;6010;MOSKVA;J07 I7KA WXK VSFQ6;MIPQTR
2019-10-07;2000000.0;6300;RAIFFEISEN LI;XXX K3 J749914K1D H491;RNQIRK
2019-10-03;1999999.0;6300;RAIFFEISEN LI;XXX K3 J749914K1D H491;BYFYGC
2019-11-29;1997520.0;5521;MOSCOW;JXH9-K1JT4KB;ZYNNFG
2019-12-07;1990000.0;7538;MOSCOW;7T4HXD 98;E4X0EH
2019-12-12;1953000.0;5944;MOSKVA;0XLIA1JXD;EEQ4VM
2019-11-12;1952067.27;6300;MOSKVA;XXX K3 J749914K1D H491;MJRLMT
2019-11-29;1950000.0;5511;RAZVILKOVSKOE;2K3M-0L 7C CI;RNITIT
2019-11-23;1922000.0;5521;ZARECHE;W7D7TEX-T;LRIQNR
2019-09-22;1892000.0;7538;MOSCOW;7T4HXD 98;UCCSDD
2019-09-19;1891189.86;6012;g. Moskva;wluitrhmu;LIMNQM
2019-11-26;1817978.0;9311;MOSCOW;D7HXZ.JL;MKNJTM
2019-11-22;1815000.0;5533;LYUBERCY;HOL01JIO-C;KLTMLI
2019-11-10;1813100.0;5511;PUTILKOVO;K-2 7-C CK KE.0.;E4FPUF
2019-10-13;1800000.0;5521;MOSCOW;JE-K1JT4K;RLKQMR
2019-11-18;1795000.0;5511;MOSCOW;7T4HXD 98-M;EL6XTI
2019-11-29;1785000.0;6010;MOSKVA;I7KA WXK 5FB;TINTNT
2019-09-18;1768105.0;4511;MOSCOW;X94K D7 73781C4IA1K3XO;KXCOSX
2019-10-08;1767500.0;5399;MOSKVA;EKLC EJ784DZ AXLK1;E447AC
2019-11-22;1767492.5;8099;MOSCOW;1CI 3H4D437 KAIA1W34D7;MJNTRR
2019-12-06;1766974.0;6513;TYUMEN;2A3 97C4H4O7.;ELKB8H
2019-11-14;1755018.0;9311;MOSCOW;D7HXZ.JL;7XGHFC
2019-11-16;1750000.0;5511;ALTUFEVSKOE S;WJ74C7J4-7-C CI KE.0.B;EE2SYN
2019-12-17;1741000.0;5511;SANKT-PETERBU;XJZE1AKEJX4;PTLKMI
2019-11-30;1700000.0;5511;SANKT-PETERBU;Xtcurdkutgm;ELUKPB
2019-11-29;1700000.0;5511;MOSCOW;2KM-7-C CI KEXJ.0.;ELPOVB
2019-11-27;1690700.0;5651;MOSKVA;HXJX W47D7;ELJJNP
2019-11-21;1683000.0;5511;MAMYRI;7C CK KEXJXD.07D3;LRPQMQ
2019-11-17;1679000.0;5511;N.NOVGOROD;WH727;ELJHQY
2019-11-01;1665000.0;5944;MOSKVA;I7JE41J ZLC;EEM17I
2019-10-25;1663476.96;5921;SANKT-PETERBU;CX1E A1DD1KKO KW0;E4AATR
2019-11-27;1659818.0;9311;MOSCOW;D7HXZ.JL;TIJRRQ
2019-12-15;1653000.0;5511;MOSRENTGEN P,;XXX 4DIA314W AXH84DZ;ECNYFO
2019-10-09;1650000.0;8398;MOSKVA;9XD8 9XJX0J;ELG526
2019-12-03;1641300.0;9311;MOSCOW;D7HXZ.JL;MNILQT
2019-10-26;1640000.0;5511;MOSCOW;EXOXE7B-7-CCIKE.0;NKMTRJ
2019-11-19;1638355.0;5511;MOSCOW;7T4HXD 7CZ-M;ELRRKC
2019-10-24;1634000.0;5511;SANKT-PETERBU;J1KW0 D1T7M XH8 CI XE;RIJJKM
2019-10-15;1620247.49;4511;MOSKVA;KX84K-1H4E  BVBSGQSG6M;IOSFNN
2019-09-30;1615000.0;5521;MOSCOW;8C4EJ-K1JT4K;E4AVSZ
2019-11-24;1608070.0;5651;BARVIHA;97KA4XD 0XLE4RL1 M;EL4C6V
2019-09-26;1585000.0;5511;DZERZHINSKIJ;XXX CWH7E12A.;TTJMPR
2019-10-24;1585000.0;5521;RAZVILKOVSKOE;2K3M-94D.LKHLZ4;RQKILJ
2019-11-26;1582000.0;5533;MOSCOW;EXOXE7 3XHXC1DK3X1;1OSSXD
2019-09-27;1578988.0;3047;UK;ELJ34KA 74JH4D1K;EE2POR
2019-11-13;1575000.0;5511;MOSCOW;2KM-7-C CI KEXJ.0.;NJQKPT
2019-11-19;1574000.0;5511;SANKT-PETERBU;C1JI181K CIK0;7GGNGN
2019-10-09;1569945.0;5094;MOSCOW;87YCXD8 OLT1H4J ZJLWW;MTTJQK
2019-11-15;1567425.0;5944;MOSKOVSKIJ;UUU.KEXJ1.1WH847CXD8.JL;5HNNDC
2019-11-05;1560000.0;7011;MOSKVA;07HEKIALZ 31CW4DK34 AX;8EL8N0
2019-10-29;1555000.0;5511;MOSCOW;7T4HXD A8-M;PHNCYF
2019-10-26;1552878.0;5699;BARVIKHA D.;97KA4XD;EL4C6V
2019-12-06;1519485.0;4511;MOSCOW;KX84K.JLG;LLPTNK
2019-11-30;1517039.0;9311;MOSCOW;D7HXZ.JL;BNYSCX
2019-11-01;1510000.0;5944;MOSCOW;C1JILJO;MIIIIL
2019-12-18;1500540.0;6211;MOSKVA;7X DJ3 - J.X.K.E.;8HOCHS
2019-11-18;1500000.0;5511;MOSCOW;O7K1D 0-L 7-C CI KE.0;1DCCXY
2019-12-16;1500000.0;7999;BARVIKHA;XXX C4J47H;MLTRLN
2019-10-29;1499000.0;5511;MOSCOW;EXOXE7 XEJ78 CKK0;QPPLLQ
2019-11-10;1495300.0;5944;MOSKVA;0LHZ7J4;MRNPLN
2019-11-10;1490240.0;5691;NOVOSIBIRSK;7J4KEXIJ7E;BDSCGF
2019-11-29;1483000.0;5511;MOSCOW;JXH9 17KEM 7-C CI KE.0;LTPTJT
2019-09-19;1476953.3;4900;SANKT-PETERBU;"7X ""1E7HXD H1DKW1EKKCL";ELPT9P
2019-10-29;1467865.0;5511;BALASHIKHA;H1Z7E CKK0;TTTITT
2019-09-27;1461272.0;4900;SANKT-PETERBU;"7X ""1E7HXD H1DKW1EKKCL";EE9ZMH
2019-09-27;1461272.0;4900;SANKT-PETERBU;"7X ""1E7HXD H1DKW1EKKCL";EE9ZMH
2019-11-28;1460564.0;9311;MOSCOW;D7HXZ.JL;KJIITP
2019-11-25;1459524.0;9311;MOSKVA;ZXKLKHLZ4.JL;9GCDFN
2019-10-23;1457274.96;7922;YAKUTSK;AEEW://7H07D3.JL/JL/WH7E1;ELO5BA
2019-09-27;1452088.0;3047;UK;ELJ34KA 74JH4D1K;EE2POR
2019-09-26;1446561.59;9399;MOSKVA;CLHE4K1JT4KD7O7 WH7E12;EL24KE
2019-12-04;1443152.25;6300;MOSKVA;XXX K3 J749914K1D H491;KIKJNN
2019-11-30;1442175.0;5511;KHIMKI;J3AB- 7C CI KE.07D3;EEM6XE
2019-09-30;1438960.0;5533;SANKT-PETERBU;0JW I1DEJ OLZ;E4X8V7
2019-11-14;1437222.97;9311;MOSCOW;D7HXZ.JL;9GOHOF
2019-10-13;1435500.0;5399;MOSKVA;EKLC EJ784DZ AXLK1;MNMPMQ
2019-11-22;1435000.0;5521;KHIMKI;J3AB-K1JT4K;E4PYIK
2019-12-05;1434000.0;5944;MOSKVA;0LHZ7J4;RKKQTN
2019-12-08;1429500.0;5511;KHIMKI;7TEXC4J 9T;EE0C5M
2019-10-15;1429462.37;8099;MOSCOW;1CI 3H4D437 KAIA1W34D7;ELRP8T
2019-11-13;1423420.0;9311;MOSCOW;D7HXZ.JL;6SGFSF
2019-10-20;1413250.0;5651;MOSKVA;HXJX W47D7;EEV81J
2019-12-10;1410448.0;5691;SANKT-PETERBU;070XIA37;MKITLJ
2019-12-13;1408542.0;8099;MOSCOW;1CI 3H4D437 KAIA1W34D7;JKPTIQ
2019-12-10;1401250.0;8211;MOSCOW REG.;W7THXT ZOCD7K4LC;E4GGHD
2019-10-19;1400000.0;5511;MOSCOW;7TEXC4J-T7JKA7T37;EL1CSP
2019-11-28;1400000.0;5944;MOSCOW;C1JILJO;KJIITP
2019-11-15;1400000.0;7538;SANKT-PETERBU;XXX 0C;JQMNKK
2019-09-20;1389816.0;3047;UK;ELJ34KA 74JH4D1K;EE2POR
2019-09-28;1378450.0;5691;MOSCOW;A1JC1K ZLC;MNJKPN
2019-11-12;1376039.58;7011;495-465-8090;74J0D0 * AC781P2GCI;8CGSGY
2019-11-23;1373190.0;5944;MOSKVA;Z7H1J1O7 4HZ42 9;ELEFDY
2019-11-07;1365190.34;9399;MOSKVA;CLHE4K1JT4KD7O7 WH7E12;EL24KE
2019-09-21;1360990.0;5511;MOSCOW;7C37W4E7H CKK0;MNMMKM
2019-10-16;1360268.16;8099;MOSCOW;1CI 3H4D437 KAIA1W34D7;MJLQPR
2019-11-23;1359800.0;5511;KHIMKI;7TEXC4J 9T;LNNQRN
2019-12-10;1357948.0;4511;ONLINE;UUU.I4EO.EJ7T1H;JLLMIJ
2019-10-26;1355000.0;5521;KHIMKI;J3AB-K1JT4K;E4Y04D
2019-10-25;1354755.0;9311;MOSCOW;D7HXZ.JL;MKMMPJ
2019-10-23;1350000.0;6010;EKATERINBURG;J07 I7KA WXK VSF5Q;LDFGGG
2019-11-06;1345000.0;5944;MOSCOW;XXX C KE4H C1JILJO;RPPTQP
2019-11-25;1338390.12;5411;VOLZHSKIY;C1EJX I7KA&I7JJOMQVS;7XGCCN
2019-10-29;1337400.0;5699;MOSKVA;IAJ4KE47D 84XJ;MMNPIK
2019-09-20;1334436.0;3047;UK;ELJ34KA 74JH4D1K;EE2POR
2019-10-14;1333710.0;3026;E-COMMERCE;1C4J7E1K;E4SQ9B
2019-09-17;1328150.0;5533;MOSCOW;7TEXC4J 9T T;EERD2Z
2019-10-01;1322577.16;8099;MOSCOW;1CI 3H4D437 KAIA1W34D7;8OOCCD
2019-11-18;1315000.0;5691;MOSCOW;HXL4K TL4EEXD;TJTKPI
2019-10-17;1313571.0;5533;SANKT-PETERBU;21D4E 7TEX;EL1Z2L
2019-11-27;1312000.0;5712;MOSCOW;CJ.8XXJK;ELDZMD
2019-10-12;1310200.0;5944;MOSCOW;XXX C KE4H C1JILJO;EEQ4VM
2019-11-22;1308000.0;5944;MOSKVA;JHZ X994I1;EXYOHY
2019-09-20;1300000.0;5511;MOSCOW;9CZ 3XWE1TX;LPITKK
2019-11-22;1300000.0;5944;SANKT-PETERBU;C1JILJO;LKMLPP
2019-11-09;1300000.0;5511;ALTUFEVSKOE S;WJ74C7J4-7-C CI KE.0.B;JLTKMM
2019-12-15;1300000.0;5812;MOSKVA;49H1K;JLLKRJ
2019-12-14;1295310.0;4511;MOSKVA;JX01JEX 0J7TX;LFNDSO
2019-10-30;1289909.0;8099;MOSCOW;1CI 3H4D437 XJHXTK34O;EEJS9R
2019-11-16;1277471.0;5999;MOSCOW;3XD21WE;LRPTTK
2019-11-09;1275266.0;9311;MOSCOW;D7HXZ.JL;MMTQRN
2019-10-24;1273496.0;3011;MOSKVA;71JX9HXE W7X;EEPB50
2019-11-28;1273000.0;5521;MOSCOW;JXH9-94DLKHLZ4M  Q;RJLTKJ
2019-11-17;1270000.0;5521;MOSCOW;EXOXE7B-K1JT4K;ELE5F1
2019-10-21;1270000.0;5511;SANKT-PETERBU;1TJXK40 K1J. EK1DEJ;JRRMLT
2019-12-10;1265400.0;5399;MOSKVA;EKLC EJ784DZ AXLK1;E447AC
2019-09-24;1264288.0;3047;UK;ELJ34KA 74JH4D1K;EE2POR
2019-09-24;1263436.0;3047;UK;ELJ34KA 74JH4D1K;EE2POR
2019-09-24;1263436.0;3047;UK;ELJ34KA 74JH4D1K;EE2POR
2019-09-20;1259744.0;3047;UK;ELJ34KA 74JH4D1K;EE2POR
2019-09-20;1259744.0;3047;UK;ELJ34KA 74JH4D1K;EE2POR
2019-11-14;1257549.0;3011;MOSKVA;71JX9HXE W7X;KNYSYF
2019-10-31;1254990.24;5921;MOSCOW;T4DLC;E4AATR
2019-09-27;1254688.0;3047;UK;ELJ34KA 74JH4D1K;EE2POR
2019-12-16;1251088.0;6300;MOSKVA;XXX K3 J749914K1D H491;VYOFCY
2019-10-09;1249360.0;5944;MOSKVA;0LHZ7J4;E46HU6
2019-10-13;1247050.0;5399;MOSKVA;EKLC EJ784DZ AXLK1;EEKIDD
2019-11-16;1246400.0;5733;SANKT-PETERBU;I 01IAKE14D ZH4D34.JL;EL6O71
2019-10-05;1246338.92;4511;MOSKVA;KX84K-K7C   GVPG6GQPBQ;JLNKTI
2019-12-04;1240000.0;5944;MOSKVA;JHZ X994I1;0SGOOD
2019-09-29;1240000.0;5511;KHIMKI;J3AB- 0L 7C CI KE.07D3;LQTNJT
2019-10-19;1240000.0;5511;STPETERSBURG;TU 3H7KK437 7TEX B;ELBHQE
2019-11-16;1235568.0;3026;MOSCOW;ZI_1C4J7E1K;MINTRI
2019-12-01;1232500.0;5681;MOSKVA;2A1D1TK34O 8XC, 0XLE4R;ELJJNP
2019-12-01;1227470.0;5691;KRASNOGORSK;0JLD1HHX ILI4D1HH4;MIKNRT
2019-11-02;1225270.33;9311;MOSCOW;D7HXZ.JL;EE8BXK
2019-11-24;1225000.0;5511;ARKHANGELSKOE;XXX CWH7E12A;UOCFYY
2019-10-04;1218150.0;5651;BARVIHA;HXJX W47D7 Q;PNKKIN
2019-09-30;1211000.0;5533;LYUBERCY;HOL01JIO-C;RRJMNQ
2019-10-07;1209600.0;5944;KRASNOGORSK;C1JILJO;MNMNML
2019-10-19;1207000.0;5521;MOSCOW;EXOXE7-K1JT4K;ELGTPG
2019-11-25;1202990.0;4900;SANKT-PETERBU;"7X ""1E7HXD H1DKW1EKKCL";EEQ6MZ
2019-09-24;1201240.0;3047;UK;ELJ34KA 74JH4D1K;EE2POR
2019-10-10;1200000.0;5533;MOSCOW;7TEXC4J-EJ1O8 5T;EL0GH4
2019-11-30;1200000.0;5511;MOSCOW;7T4HXD 98-M;ELF5QA
2019-10-14;1197000.0;5944;MOSKVA;0XLIA1JXD;EEQ4VM
2019-11-14;1197000.0;5511;BALASHIKHA;7TEXC4J 0XZ1C4O7;ELDD8N
2019-12-05;1194798.0;9311;MOSCOW;D7HXZ.JL;PMLKLN
2019-10-08;1192200.0;5699;MOSKVA;IA7D1H;EL4C6V
2019-11-10;1191003.61;7011;DUBAI;C784D7E YLC14J7A-QI 9/;JTTRMT
2019-10-14;1190000.0;5511;STPETERSBURG;3H7KK437 EJ781 7LEX;ELNAEJ
2019-09-28;1190000.0;5511;KHIMKI;7TEXC4J 9T;ILRKJM
2019-11-29;1188000.0;5681;SANKT-PETERBU;CX8DOO 8XC 3LKK1D3XTT;ELKXHC
2019-10-19;1186576.0;3011;MOSKVA;71JX9HXE W7X;NNJRTT
2019-10-17;1184715.0;5699;MOSCOW;EKLC;ELAVVI
2019-11-09;1180000.0;5533;SANKT-PETERBU;0JW EK1DEJ K1T1J;MJRPTN
2019-10-14;1178001.49;8099;MOSCOW;1CI 3H4D437 XJHXTK34O;JNJKIP
2019-12-10;1170600.0;5921;Moscow;HHIIgvK4CWH1;E4PKOA
2019-12-04;1169200.0;6513;MOSCOW;XXX 7D W2C;ELFUFB
2019-12-15;1165000.0;5651;BARVIHA;J7HWA H7LJ1D;NJTTKP
2019-12-14;1160520.0;5511;MOSCOW;7T4HXD YHJ-M;QKKTKM
2019-09-21;1160500.0;5521;MOSCOW;O7K1D1TX-K1JT4K;EEAGX1
2019-10-02;1160000.0;5521;SANKT-PETERBU;J1KW0 9HJ6 K1JT4I1;E4URPS
2019-09-26;1155371.4;6300;RAIFFEISEN LI;XXX K3 J749914K1D H491;LMPQIK
2019-09-20;1153629.0;3011;MOSKVA;71JX9HXE W7X;MJMNKN
2019-10-10;1151133.62;4722;Internet;7ZX87.IXC;EEM8PV
2019-10-18;1151028.0;3011;MOSKVA;71JX9HXE W7X;MJMNKN
2019-10-10;1150000.0;7622;NOVOSIBIRSK;4W WXWXT J.T.;EEMOCM
2019-11-07;1148610.31;4511;MOSKVA;KX84K-1H4GVPFBQBPGB;MJNLMQ
2019-11-23;1148090.0;5511;MOSCOW;7C37W4E7H CKK0;QGHFCS
2019-09-30;1147000.0;5521;SANKT-PETERBU;J1KW0 D1T7M K1JT4I1;KNFGND
2019-11-01;1146300.0;4900;SANKT-PETERBU;"7X ""1E7HXD H1DKW1EKKCL";ELSJ17
2019-09-21;1142400.0;5944;MOSKVA;K.E.8LWXDE;BNCNFO
2019-12-09;1132150.4;8099;MOSCOW;1CI 3H4D437 KAIA1W34D7;MIRKRT
2019-10-15;1125573.0;5511;GOVOROVO;XXX CWH7E12A HJ;0SXGSG
2019-11-05;1125000.0;5521;MOSCOW;OLZ-94D.LKHLZ4;MFGOCS
2019-10-08;1124100.0;5691;MOSCOW;HXL4K TL4EEXD;E447AC
2019-09-27;1120000.0;5712;SANKT-PETERBU;IA1JJO;MTIKJI
2019-11-28;1113056.0;6300;MOSKVA;XXX K3 J749914K1D H491;1YDYXO
2019-11-06;1107147.96;8099;MOSCOW;1CI 3H4D437 KAIA1W34D7;MINPIL
2019-10-24;1101373.72;8099;MOSCOW;7X 3 WHOLK QM;JNQNMP
2019-10-18;1101000.0;5399;MOSKVA;EKLC EJ784DZ AXLK1;MRTPNM
2019-10-22;1100000.0;6300;RAIFFEISEN LI;XXX K3 J749914K1D H491;EEQAHS
2019-11-06;1100000.0;6300;MOSKVA;XXX K3 J749914K1D H491;EEPA10
2019-11-13;1100000.0;6300;MOSKVA;XXX K3 J749914K1D H491;LTPRRJ
2019-10-04;1100000.0;6513;SANKT-PETERBU;XXX XKEJXT K4E4 VVGB;E4BYZI
2019-09-23;1097500.0;5511;SANKT-PETERBU;J1KW0 H7AE76 D1U CI XE;ELHNA8
2019-11-29;1096599.24;9311;MOSCOW;D7HXZ.JL;BCHGND
2019-12-07;1093900.0;7011;ANAPA;8XT4H XE1H   KW7;NJPPJK
2019-11-26;1093680.0;5944;SANKT-PETERBU;C1JILJO;4CDCOC
2019-12-17;1092547.5;5932;MOSKVA;H4E9LD8;JKLRPL
2019-09-21;1085350.0;5699;MOSCOW;HXJX W47D7;E4U9GX
2019-10-08;1083000.0;5521;PUTILKOVO;K-2 94D. LKHLZ4 B;E4A6I0
2019-11-18;1081005.0;5411;MOSCOW;ZLJC1-TJ1C1D7 ZX87;0FFNNS
2019-11-10;1078845.0;5521;GOVOROVO;XXX CWH7E12A T;ELZNHU
2019-10-05;1073789.4;4215;MOSKVA;XXX KEJ42A-HXZ4KE437;ELETCO
2019-11-26;1071000.0;5533;BALASHIKHA;EXOXE7 42C7OHXTX;MINPLN
2019-11-22;1070874.0;5411;SANKT-PETERBU;K4CWH1;E4PKOA
2019-09-18;1070483.26;4511;MOSKVA;KX84K.JL/B  GVPGQSPMQ5;QNPPPJ
2019-10-25;1070000.0;5944;MOSKVA;I7JE41J W1EJXT37;MIJQRN
2019-09-30;1070000.0;5944;MOSCOW;LHOKK1 D7J84D;NPRTNT
2019-09-19;1068026.0;3011;MOSKVA;71JX9HXE W7X;MPKRTL
2019-09-30;1065740.0;5511;SANKT-PETERBU;4widnrmp Xomvp;MNMJKJ
2019-10-08;1065399.0;3011;MOSKVA;71JX9HXE W7X;IQIJQJ
2019-10-19;1065000.0;5699;SANKT-PETERBU;91D84;KPRIQP
2019-12-08;1065000.0;5944;MOSKVA;I7JE41J TJ1C1D7;EEJIB2
2019-11-22;1060400.0;5944;MOSCOW;C1JILJO;4GGNGO
2019-10-02;1060000.0;5511;ZARECHE;W7D7TEX-C;LNJLRP
2019-11-27;1059000.0;5511;KHIMKI;J3AB- 7C CI KE.07D3;ELYY7B
2019-11-03;1058585.0;5521;MOSCOW;XXX CWH7E12A;ELLKDG
2019-10-30;1057887.74;6300;RAIFFEISEN LI;XXX K3 J749914K1D H491;JLMJTP
2019-11-30;1055864.0;3011;MOSKVA;71JX9HXE W7X;JQKTNQ
2019-10-14;1053849.65;4722;MOSKVA;0E4 JLKK47-M;MTNRRR
2019-10-25;1053690.0;6300;RAIFFEISEN LI;XXX K3 J749914K1D H491;4SSONF
2019-10-19;1053000.0;5533;MOSCOW;XXX ZJ7DCXEX 4CWXJE;MXOFFF
2019-12-07;1052722.3;5521;MOSCOW;J1DX D7 T7JKA7TK3XC T;ELRHQM
2019-11-16;1052449.0;3026;MOSCOW;ZI_1C4J7E1K;JPIQML
2019-11-25;1051200.0;5944;ODINTSOVSKIY;C1JILJO;EE9ATJ
2019-09-24;1050000.0;5691;MOSCOW;EEK TJ1C1D7 ZX87;ELLNYN
2019-12-09;1050000.0;5699;KRASNOGORSK;IA7D1H;MNQRJQ
2019-10-27;1048000.0;5511;MOSKVA;7TEXC4J-T7JKA7T37;2XXOSO
2019-10-16;1046000.0;5511;KHIMKI;J3A0CU- 7C CI KE.07D3;MLRJQJ
2019-11-06;1044239.0;5511;SYKTYVKAR;7TEXJ1KLJK CXEXJK-347;2YFCFN
2019-10-28;1042440.62;6300;RAIFFEISEN LI;XXX K3 J749914K1D H491;MXHNHG
2019-11-16;1040000.0;5511;KUDROVO;7TEXWXH1 94D7DK 37JE;EE88F7
2019-10-03;1039365.0;5712;MOSCOW;E7E7C101H;2DFDGC
2019-09-27;1033833.67;4722;Internet;7ZX87.IXC;EEM8PV
2019-09-25;1032037.2;6300;RAIFFEISEN LI;XXX K3 J749914K1D H491;MITNRM
2019-11-13;1031280.0;5411;SANKT-PETERBU;"""IXCW7DO ""K4CWH1-KW0""";E4PKOA
2019-11-09;1030000.0;7299;KRASNOGORSK;0OLJX EXIADO3A C13A7D42C;JKLRPL
2019-11-09;1030000.0;7299;KRASNOGORSK;0OLJX EXIADO3A C13A7D42C;JKLRPL
2019-10-18;1028083.35;6300;RAIFFEISEN LI;XXX K3 J749914K1D H491;ACYNSN
2019-11-22;1026982.0;3026;MOSCOW;ZI_1C4J7E1K;MNRNJT
2019-10-04;1026000.0;5732;MOSKVA;C41H1 I1DE1J;QQRQLK
2019-11-17;1025859.0;5732;MOSKVA;C41H1 I1DE1J;QQRQLK
2019-10-31;1023320.0;5211;SAMARA;HLN 9XJC;NRJIMJ
2019-09-16;1017578.1;5311;MOSCOW;87DEXD1 C7Z724D;JLJKTM
2019-10-31;1017187.0;5944;MOSKOVSKIJ;UUU.KEXJ1.1WH847CXD8.JL;5HNNDC
2019-11-05;1017000.0;5521;MOSCOW;JEG-K1JT4K;E4PJSH
2019-09-24;1016820.0;3047;UK;ELJ34KA 74JH4D1K;EE2POR
2019-12-09;1011424.0;9311;MOSCOW;D7HXZ.JL;LPQNPL
2019-11-29;1010500.0;5499;KHIMKI;XXX ZHX07H;MMLKJR
2019-10-13;1010000.0;5511;MOSCOW;JEG-7-C C-K KE.0.;RTNKIR
2019-12-15;1010000.0;5511;STPETERSBURG;3H7KK437 EJ781 7LEX;2OOFNX
2019-10-01;1008210.84;8099;MOSCOW;1CI 3H4D437 KAIA1W34D7;TIPNTQ
2019-10-20;1005700.0;5691;MOSCOW;IA7D1H Z1D1T7;MLLTKI
2019-11-16;1004400.0;5411;VOLZHSKIY;C1EJX I7KA&I7JJOMQVS;7XGCCN
2019-10-28;1003630.0;4511;MOSCOW;WJ4C1 7T47;7SDXNN
2019-12-13;1002997.0;5511;BALASHIKHA;H1Z7E CKK0;2NGHXN
2019-10-05;1001890.0;5691;SANKT-PETERBU;070XIA37;RMNIMT
2019-10-19;1001491.1;5732;MOSKVA;KXDO I1DEJ1 C1Z7 EK;ENYFXN
2019-12-13;1001242.19;6300;MOSKVA;XXX K3 J749914K1D H491;JKJNJQ
2019-11-30;1000844.0;5521;DZERZHINSKIJ;XXX CWH7E12A.;ELC29T
2019-11-11;1000300.0;5651;MOSKVA;8XHI1Z7007D7 M;BCFYSC
2019-10-01;1000000.61;8099;ZHUKOVKA;1CI 2AL3XT37;MMLKMQ
2019-10-08;1000000.0;6300;RAIFFEISEN LI;XXX K3 J749914K1D H491;LLPLII
2019-09-20;1000000.0;5511;ZARECHE;W7D7TEX-C;NPQLNR
2019-12-02;1000000.0;6300;MOSKVA;XXX K3 J749914K1D H491;1DGYYC
2019-11-12;1000000.0;6300;MOSKVA;XXX K3 J749914K1D H491;LTPRRJ
2019-12-02;1000000.0;5944;SANKT-PETERBU;ZXH8 LD4XD;IXDFHN
2019-10-30;1000000.0;7011;MOSKVA;HXEE1 AXE1H J1I1WE4XD;KTTKMK
2019-11-29;1000000.0;5944;MOSKVA;1WH 847CXD8 1TJXW14K3;MIKJMP
2019-12-16;1000000.0;5511;SANKT-PETERBU;K3X87 B D1U CI XEA1J;LLTKKN
2019-11-23;1000000.0;5712;SAINT-PETERSB;9XJC7E;QJTMPR
2019-10-30;1000000.0;6300;RAIFFEISEN LI;XXX K3 J749914K1D H491;EGSGSO
2019-11-30;1000000.0;5521;KHIMKI;J3AB-K1JT4K;E4882A
2019-09-29;1000000.0;5521;MOSCOW;EXOXE7-K1JT4K;EEQVYU
2019-12-01;1000000.0;5541;KRASNODAR;C7287 EK1DEJ 3J7KDX87J;E4OYRV
2019-12-13;1000000.0;5511;MOSCOW;OLZ-7-C K01J;ELU16F
2019-10-28;1000000.0;6300;RAIFFEISEN LI;XXX K3 J749914K1D H491;QQPPRR
2019-11-20;1000000.0;5511;MOSCOW;8C4EJ- 7-C CI KE.0.;E4PHL0
2019-10-09;1000000.0;5813;MOSKVA;I7W1HH7 07J;8DCDCN
2019-10-12;1000000.0;5533;MOSKVA;W1EJXTK34O_T7JKA7TK3X1;LITQTL
2019-12-03;1000000.0;5712;MOSKVA;XK4DI1TTX;MRQKQP
2019-11-20;1000000.0;6300;MOSKVA;XXX K3 J749914K1D H491;MPINTP
2019-11-10;1000000.0;5511;ALTUFEVSKOE S;WJ74C7J4-7-C CI KE.0.B;ELYBYZ
2019-11-04;1000000.0;5511;SANKT-PETERBU;J1KW0 D1T7M XH8 CI XE;ELCQ2Y
2019-09-22;1000000.0;5699;SANKT-PETERBU;IA7D1H;KPRIQP
2019-12-18;1000000.0;6300;MOSKVA;XXX K3 J749914K1D H491;EETY1Y
2019-12-17;1000000.0;6300;MOSKVA;XXX K3 J749914K1D H491;0XCONY
2019-11-17;1000000.0;6300;MOSKVA;XXX K3 J749914K1D H491;EL8OFO
2019-11-22;1000000.0;5722;MOSKOVSKIY;0XJ3;E4O9QU
2019-12-19;1000000.0;6300;MOSKVA;XXX K3 J749914K1D H491;ACYGDS
2019-09-19;1000000.0;5211;NOVOROSSIJSK;4W 3XT7H1T 7.T.;ELZXOU
2019-11-05;1000000.0;6300;MOSKVA;XXX K3 J749914K1D H491;ELADSQ
2019-09-24;1000000.0;5533;MOSCOW;H13KLK 3XHXC1DK3X1;EEKMNJ
2019-09-28;1000000.0;5511;MOSCOW;O734C7D37-7C CK;TPJMKR
2019-11-30;1000000.0;5944;MOSKVA;0LHZ7J4;UFFSCH
2019-09-25;1000000.0;6300;RAIFFEISEN LI;XXX K3 J749914K1D H491;ZXDSYS
2019-12-16;1000000.0;6300;MOSKVA;XXX K3 J749914K1D H491;INJIJR
2019-12-19;1000000.0;6300;MOSKVA;XXX K3 J749914K1D H491;EELOA0
2019-10-28;1000000.0;6300;RAIFFEISEN LI;XXX K3 J749914K1D H491;EELOA0
2019-10-28;999990.0;5732;SANKT-PETERBU;KCKZ KW0 C1J3LJ4O;ELBPX4
2019-12-10;999835.84;6300;MOSKVA;XXX K3 J749914K1D H491;LTJPNR
2019-12-11;996878.73;9311;MOSCOW;D7HXZ.JL;EEPKA2
2019-09-23;996852.0;4511;MOSKVA;KE0 EXLJK;JMJNQK
2019-10-03;993175.51;8099;MOSCOW;1CI 3H4D437 KAIA1W34D7;BSNFOF
2019-12-03;990976.0;5651;SANKT-PETERBU;0XLE4RL1 34EXD;QKLINJ
2019-09-24;990360.0;3047;UK;ELJ34KA 74JH4D1K;ELYERY
2019-10-11;990000.0;5812;MOSCOW;H481JK;4DNSOF
2019-11-30;990000.0;5533;KHIMKI;7TEXC4J 9T T;ELBBGR
2019-12-02;989298.0;4900;SANKT-PETERBU;"7X ""1E7HXD H1DKW1EKKCL";JLKTQT
2019-09-28;984456.0;3047;UK;ELJ34KA 74JH4D1K;ELYERY
2019-10-01;983504.0;3047;UK;ELJ34KA 74JH4D1K;ELYERY
2019-10-04;981760.0;3047;UK;ELJ34KA 74JH4D1K;ELYERY
2019-10-08;981760.0;3047;UK;ELJ34KA 74JH4D1K;ELYERY
2019-09-20;981556.0;3047;UK;ELJ34KA 74JH4D1K;ELYERY
2019-11-29;978869.0;5712;MOSCOW;07C7N-4DE1J1JO;MPRNJT
2019-12-11;978563.0;3011;MOSCOW;71JX9HXE;QMLQKN
2019-09-21;976000.0;5944;MOSCOW;C1JILJO;JKLRPL
2019-09-20;975000.0;5511;KHIMKI;J3AB- 0L 7C CI KE.07D3;7OOHSG
2019-09-27;974772.0;3047;UK;ELJ34KA 74JH4D1K;EE2POR
2019-10-28;974690.0;5712;MOSKVA;"""DC"" H4C4E18 H4704H4EO";LNPNTR
2019-10-24;972600.0;5511;MOSCOW;7EKQ-7C CI KE. 07D3;QSOGOD
2019-11-21;972569.36;5411;MOSKVA;CX1E A1DD1KKO KAXW;E4PKOA
2019-09-26;971170.0;3026;MOSCOW;ZI_1C4J7E1K;LNMTQT
2019-10-31;970000.0;5511;KUDROVO;7TEXWXH1 94D7DK 37JE;QTTTTR
2019-10-13;967500.0;5944;MOSCOW;C1JILJO;MNTINN
2019-10-01;966554.0;6300;RAIFFEISEN LI;XXX K3 J749914K1D H491;EEQZ04
2019-11-28;966290.0;5611;KAZAN;T4W CL2AK3XO;4COFCS
2019-10-08;964784.42;6300;RAIFFEISEN LI;XXX K3 J749914K1D H491;LPKLQP
2019-11-07;963776.0;8011;MOSKVA;W1J4D7E7H I1DE1J;MPTPJN
2019-10-28;963500.0;5651;MOSKVA;Z4XJZ4X 7JC7D4;EE9F5E
2019-12-12;962750.32;8099;MOSCOW;1CI KW4J48XD1TK34O;MRQNKP
2019-10-31;962574.0;9311;MOSCOW;D7HXZ.JL;LINTPL
2019-12-04;962037.36;6300;MOSKVA;XXX K3 J749914K1D H491;JKMRNI
2019-10-19;960812.0;9311;MOSCOW;D7HXZ.JL;EEKAG9
2019-10-12;960000.0;5533;MOSCOW;XXX ZJ7DCXEX 4CWXJE;0YNCYH
2019-10-27;959949.0;6300;RAIFFEISEN LI;XXX K3 J749914K1D H491;IQTJLQ
2019-10-23;959870.0;9311;MOSCOW;D7HXZ.JL;JJNJQN
2019-10-03;959530.0;5691;SANKT-PETERBU;070XIA37;UYOHOO
2019-11-17;959267.0;6300;MOSKVA;XXX K3 J749914K1D H491;EL8OFO
2019-09-22;958100.0;5944;MOSCOW;97KA4XD 2XD1;ELPCCL
2019-10-02;954000.0;5411;VOLGOGRAD;C1EJX I7KA&I7JJOMVBP;7XGCCN
2019-12-09;952900.0;5521;ARKHANGELSKOE;XXX CWH7E12A.;BNXSFN
2019-10-31;951250.0;8011;MOSCOW;38EK C18K4 T 0XE34DK3X;ELDTDS
2019-10-14;950996.14;5311;LONDON;A7JJX8K HE8;MITKJM
2019-11-06;950000.0;5944;MOSKVA;I7JE41J ZLC;0YSXHD
2019-10-27;950000.0;5511;SANKT-PETERBU;AOLD874 D1U CI XEA1J;JMPMMQ
2019-12-15;950000.0;5521;KHIMKI;J3AB-K1JT4K;ELINMZ
2019-09-23;949182.0;3011;MOSKVA;71JX9HXE W7X;4FFSSF
2019-10-23;948776.4;5812;MOSCOW;017LEO;8DCDCN
2019-10-15;948776.4;5812;MOSCOW;WJ4C7T1J7;8DCDCN
2019-10-22;948776.4;5812;MOSCOW;WJ4C7T1J7;8DCDCN
2019-10-31;948500.0;5511;ZARECHE;W7D7TEX-C;QDFNGO
2019-10-13;945000.0;5944;KRASNODAR;ZCE;1OFDXG
2019-11-07;936800.0;5521;SANKT-PETERBU;J1KW0 D1T7M K1JT4I1;ZDFOXN
2019-10-12;935113.0;5651;MOSKVA;HXJX W47D7;MNJKPN
2019-11-20;933270.0;5511;NOVOSIBIRSK;XXX 7TEX-M;E48OCS
2019-09-26;930400.0;5094;MOSKVA;84KEJ40OLKAD;PTJMJL
2019-09-28;930400.0;5399;MOSKVA;EKLC EJ784DZ AXLK1;EEBO7B
2019-10-27;930000.0;5533;STAVROPOL;3HOLIA7TEX Z7CC7;ELTUPN
2019-11-22;925500.0;5699;MOSCOW;EKLC;E4NPK0
2019-11-24;925000.0;6012;MOSCOW;IBI J-XDH4D1;MLPPNQ
2019-11-12;922000.0;8099;MOSCOW;XXX TJ1CO7 3J7KXEO;MLLKQT
2019-09-18;918806.0;3011;MOSKVA;71JX9HXE W7X;RRLITP
2019-11-24;918670.0;5812;MOSKVA;"""XWLK""";EE0QXI
2019-10-20;917575.71;8099;MOSCOW;1CI JX88XC WJ7T87;RQLQKM
2019-11-13;916713.0;7399;KHIMKI;CE3 ZJ7D8;MJNLMQ
2019-10-26;916500.0;5691;MOSCOW;XXX WJ787 JLK 8C4E-7;PKNIMT
2019-09-17;915200.0;5944;MOSCOW;XXX C KE4H C1JILJO;8YSGSX
2019-10-07;915061.02;8099;MOSCOW;1CI 3H4D437 XJHXTK34O;KQJMKP
2019-10-27;915000.0;5511;KHIMKI;J3A0CU- 0L 7C CI KE.07;ELTMZN
2019-09-21;912580.0;3011;MOSKVA;71JX9HXE W7X;EERIDB
2019-10-24;910889.1;5812;MOSCOW;017LEO;8DCDCN
2019-11-29;910000.0;5511;MYTISHHI;K1T1J5-0-L 7-C K01J;0GSCHC
2019-12-01;908600.0;5533;NEMCHINOVKA;XXX EEK 3LDEK1TX HE8;0NHFXS
2019-11-16;906229.0;3011;MOSKVA;71JX9HXE W7X;RRLITP
2019-11-28;905500.16;9311;MOSCOW;D7HXZ.JL;LMJPLI
2019-10-02;905397.82;8099;MOSCOW;1CI KW4J48XD1TK34O;MLJKKJ
2019-09-18;904114.0;3011;MOSKVA;71JX9HXE W7X;QGSSON
2019-11-24;901113.5;8099;Moskva;1CI;MLPPNQ
2019-12-09;900000.0;6300;MOSKVA;XXX K3 J749914K1D H491;EEURAO
2019-10-06;900000.0;5699;BARVIKHA D.;HXJX W47D7;E4CR4N
2019-11-15;900000.0;5511;ALTUFEVSKOE S;WJ74C7J4-7-C CI KE.0.B;EE2SYN
2019-12-14;900000.0;5699;MOSCOW;EKLC;IMMKPR
2019-10-20;900000.0;5533;SANKT-PETERBU;T40XJZK3X1;TTKKJM
2019-12-11;900000.0;5399;MOSKVA;EKLC EJ784DZ AXLK1;UGYOCN
2019-11-14;900000.0;5511;KRASNOYARSK;C7287;QRJRQT
2019-11-12;900000.0;6300;MOSKVA;XXX K3 J749914K1D H491;LTPRRJ
2019-12-01;900000.0;5944;MOSKVA;E4997DO 7D8 IX;6DHXFG
2019-11-24;900000.0;5651;KRASNOGORSK;Z4XJZ4X 7JC7D4 M;MLPRQJ
2019-12-03;900000.0;5944;KRASNOGORSK;C1JILJO;TCHDSO
2019-11-27;900000.0;5944;SANKT-PETERBU;C1JILJO;EETIBU
2019-12-10;899000.0;5950;MOSKVA;84 CLJ7DX;MPKRTL
2019-10-28;894350.0;5712;MOSKVA;XXX E8 T1H1K;MNTLIT
2019-11-25;890722.0;9311;MOSCOW;D7HXZ.JL;KNYSYF
2019-11-21;890000.0;5511;MYTISHHI;T1KA34 7-C CI KE.0.;2XCFGX
2019-12-05;890000.0;5511;GAZOPROVOD;EXOXE7B-7-C0-LCIKE.0;9DDDSF
2019-10-07;888757.54;9311;MOSCOW;D7HXZ.JL;EEKAG9
2019-11-17;887000.0;5521;MOSCOW;OLZ-94D.LKHLZ4;EL1F7Q
2019-12-14;886600.0;5691;MOSCOW;HXL4K TL4EEXD;TJTKPI
2019-11-04;885000.0;5944;MOSKVA;T7D IH119 & 7JW1HK;MNINQI
2019-10-10;884113.3;7011;Internet;7ZX87.IXC;EEMV0Y
2019-10-04;883600.0;5699;MOSCOW;EKLC;ELAVVI
2019-11-28;883597.0;5251;PAYMASTER.RU;W7OC7KE1J;JLJKTM
2019-11-27;883142.0;9311;MOSCOW;D7HXZ.JL;0NGYGD
2019-11-22;881874.0;5411;SANKT-PETERBU;K4CWH1;E4PKOA
2019-11-22;881874.0;5411;SANKT-PETERBU;K4CWH1;E4PKOA
2019-10-13;880210.0;5651;MOSKVA;I1H4D1;JPIQML
2019-11-15;879543.0;8099;MOSKVA;"XXX ""047C""";JRTINP
2019-10-26;879100.0;5533;KAZAN;EEK-J1D7LHE;LSYFDG
2019-10-06;876500.0;5521;ARKHANGELSKOE;XXX CWH7E12A;RLPRRT
2019-10-14;875927.34;4511;MOSKVA;KX84K.JL/B  GVPFVVBPBS;LRNTMR
2019-10-06;872442.48;6300;RAIFFEISEN LI;XXX K3 J749914K1D H491;MIPRQR
2019-11-30;872000.0;5511;MOSCOW;I4EO-CI KE.07D3XT;ELMJ24
2019-11-16;871800.0;5691;MOSCOW;XXX WJ787 JLK 8C4E-7;LKTKIM
2019-10-09;870130.62;5200;MOSKVA G;duupk://bbb.vlzorsro.t;JPMRQR
2019-11-13;870000.0;6010;MOSKVA;J07 I7KA WXK MV6GF;EEKGP8
2019-11-28;870000.0;7538;MOSCOW;7T4HXD YHJ;EEZCT8
2019-11-25;868127.0;4722;MOSCOW;IHL0 C18 JLKK47;LKPJKK
2019-09-27;867200.0;5944;SANKT-PETERBU;JXH1N;EEKV7H
2019-10-17;866288.3;5813;MOSKVA;017LEO 07J M;8DCDCN
2019-12-02;865499.38;4511;MOSKVA;KX84K.JL/S5Q56VMVPB;4SOFYN
2019-12-03;865488.0;8099;MOSCOW;C184I4D7;QQRQQK
2019-10-10;864015.84;8220;Brighton;mki.kutlud.li.yn;BSHSCG
2019-09-27;864000.0;5511;MOSCOW;2KM-7-C 0-L K01J;EE2LAX
2019-09-22;862000.0;5511;MOSCOW;7TEXC4J-EJ1O8  5;QSSFYD
2019-12-15;861500.0;5511;MOSRENTGEN P,;XXX 4widnrmp Agohmwc;EE2TX4
2019-10-12;859500.0;5621;MOSCOW;KAXL JLC;4DNSOF
2019-11-14;858686.0;9311;MOSCOW;D7HXZ.JL;MTLMTQ
2019-11-09;855879.0;9311;MOSCOW;D7HXZ.JL;MMTQRN
2019-11-20;855000.0;5521;MYTISHHI;K1T1J-BK1JT4K;E4DK1Z
2019-09-28;854000.0;5511;KHIMKI;J3AB- 0L 7C CI KE.07D3;E4CO9Q
2019-11-13;852950.0;8999;MOSKVA;W7OC1DE KOKE1C WJXI1KK4DZ;MINRPK
2019-12-12;851710.0;7399;MOSKVA;"""KTA T7KA WJ4T7E1KEXJ7";VXGYND
2019-10-21;851000.0;5511;PUTILKOVO;K-2 7-C CK KE.0.;RMITPM
2019-09-19;850312.0;3011;MOSKVA;71JX9HXE W7X;TJMIMN
2019-09-20;850000.0;5521;MOSCOW;2KM-94D.LKHLZ4;E4DHNS
2019-10-20;850000.0;5511;SANKT-PETERBU;J1KW0 D1T7M XH8 CI XE;ELN4RT
2019-10-24;850000.0;6513;MOSKVA;7X K3 8XDKEJXO;JLLILM
2019-12-08;850000.0;5511;MOSCOW;EXOXE7 3XHXC CKK0;NKKITT
2019-10-22;847020.0;4722;MOSCOW;IHL0 C18 JLKK47;EEV4U8
2019-11-25;846999.0;5521;MOSCOW;8C4EJ-K1JT4K;E4PHL0
2019-09-23;844700.0;5521;KHIMKI;J3AB-K1JT4K;0DNXFH
2019-10-14;844000.0;5521;SANKT-PETERBU;J1KW0 9HJ6 94DLKHLZ4;TQJJPP
2019-10-27;843350.0;5521;MOSCOW;LK J1IAD434 F T4K7;ELV2SL
2019-10-04;842970.0;5511;SZERZHINSKIY;W1EJXTK34O VM;QQNPQQ
2019-10-01;842801.0;5699;SANKT-PETERBU;37KA1C4J 4 KA1H3;LNMKPI
2019-11-15;842065.0;5533;KRASNODAR;K0KT-3HOLIA7TEX XKE;EEBYFM
2019-09-30;842000.0;5511;SANKT-PETERBU;4widnrmp Xomvp;E4FJ6N
2019-10-07;839916.0;3509;MOSKVA;C7JJ4XEE ZJ7D8 98;8DCDCN
2019-09-28;839042.0;9311;MOSCOW;D7HXZ.JL;MKMMPJ
2019-11-21;838980.0;5511;MOSCOW;H1Z7E CKK0;4CHSCY
2019-11-26;838958.0;9311;MOSCOW;D7HXZ.JL;ELKJLN
2019-10-26;837600.0;5511;MOSCOW;7EKM-7C CI KE. 07D3;MPQMQK
2019-09-23;837000.0;5944;MOSKVA;0LHZ7J4;8XSHNG
2019-10-12;835888.0;5533;KRASNODAR;7TEXK7HXD 9J7DEK;E4DCC5
2019-10-30;834430.65;8099;MOSCOW;CD4X4 4C.Z1JEK1D7;8ELLLN
2019-09-30;833500.0;5691;MOSCOW;HXL4K TL4EEXD;2FSOHF
2019-10-08;833457.7;5712;LYUBERTSY;3L3AXDDOO 8TXJ;LDXSOD
2019-11-02;833202.0;7011;DUBAI;C7D87J4D XJ41DE7H YLC1;TNDNCC
2019-11-18;832949.0;4722;SANKT-PETERBU;ZXH81D 3AXH481O2;MMQNPM
2019-11-11;831100.0;7997;ZHUKOVKA;UXJH8 IH7KK 2AL3XT37;ELG526
2019-10-17;830399.83;4511;MOSKVA;KX84K-K7CGVPGPBMV56;LLMNJP
2019-10-15;830000.0;5719;KRASNODAR;XXX 7W7JE9XJLC;E4H471
2019-10-29;830000.0;5511;KAZAN;347;EL2DNC
2019-10-10;828575.64;7011;Internet;7ZX87.IXC;EEM8PV
2019-11-01;827248.72;8099;MOSCOW;1CI 3H4D437 KAIA1W34D7;TLPRMK
2019-12-07;825000.0;5944;MOSKVA;T7D IH119&7JW1HK ZLC;6XNNOY
2019-10-15;822900.0;5651;MOSKVA;8XHI1Z7007D7 M;EEQ0Q4
2019-10-23;821712.0;3011;MOSKVA;71JX9HXE W7X;EEI248
2019-10-16;820753.0;5521;MOSCOW;7EKM-K1JT4K;IKTKMN
2019-12-12;820395.0;5399;MOSKVA;EKLC EJ784DZ AXLK1;JKLJQQ
2019-09-23;820000.0;5511;BALASHIKHA;7C37W4E7H M;ELAEE7
2019-10-14;820000.0;6012;London;I7LJ4;E4UKOL
2019-10-10;819602.28;4722;Internet;7ZX87.IXC;EEM8PV
2019-11-02;819000.0;5511;BALASHIKHA;7TEXC4J 0XZ1C4O7;8GNCNX
2019-11-30;818900.0;5511;KAZAN;EEK-TXH3KU7Z1D;KYGCNC
2019-11-22;817293.0;3011;MOSKVA;71JX9HXE W7X;MIPQMI
2019-09-28;815879.0;5691;SANKT-PETERBU;070XIA37;IRKLMM
2019-11-26;814754.0;9311;MOSCOW;D7HXZ.JL;MKNJTM
2019-10-27;814600.0;5511;MOSCOW;7TEXC4J-EJ1Y8;1OXGOS
2019-11-28;813983.18;9311;MOSCOW;D7HXZ.JL;6CYXGS
2019-09-28;813529.0;5712;MOSCOW;HC;IRKQNN
2019-12-16;813200.0;5722;ST PETERSBURG;"XXX ""C4H13XC""";LTPRNJ
2019-12-04;810000.0;5944;MOSKVA;T7D IH119 & 7JW1HK;BDCCDC
2019-09-20;810000.0;5511;MOSCOW;7TEXC4J-EJ1Y8;IPJNPK
2019-10-22;805892.5;5691;MOSCOW;0XKIX Y4H K7D81J;LKPTKN
2019-12-08;805000.0;5533;MOSCOW;7TEXC4J-EJ1Y8 T;NRRKLP
2019-11-03;805000.0;5511;PUTILKOVO;K-2 7-C CK KE.0.;PYDYOS
2019-11-07;804848.46;9399;MOSKVA;CLHE4K1JT4KD7O7 WH7E12;EL24KE
2019-11-15;803238.4;5039;MOSKVA G;XXX 7tu-4wurtrt;8DDOXC
2019-12-18;803000.0;5944;MOSKVA;C1JILJO;ELLNYN
2019-12-09;801673.86;4511;MOSKVA;KX84K-K7C   GVPF56MMMM;RPLQJN
2019-11-09;801070.0;5722;SAMARA;CT MSG;ELZO47
2019-11-05;800700.0;5399;MOSKVA;EKLC EJ784DZ AXLK1;EL05VZ
2019-10-21;800000.0;5651;KRASNOYARSK;Z7H1J1O7 A7LE1 IXLELJ1;JNKKLL
2019-11-18;800000.0;5521;ZARECHE;W7D7TEX-T;EELCZ8
2019-10-06;800000.0;5941;MOSCOW;IW KWXJEWJ1C41J;TLIPIT
2019-10-11;800000.0;9311;MOSKVA;ZXKLKHLZ4.JL;TFYOFG
2019-11-28;800000.0;5511;MOSRENTGEN P,;XXX Cyk Cgugtk 8edrm 1;ELCXMB
2019-09-22;800000.0;5521;BALASHIKHA;7C37W4E7H T M;ELS79A
2019-12-15;800000.0;5533;MOSCOW;7C37W4E7H T;6CFXCS
2019-12-15;800000.0;5511;MOSCOW;9CZ 3XWE1TX;1CSCHX
2019-09-24;800000.0;5533;MOSCOW;H13KLK 3XHXC1DK3X1;EEKMNJ
2019-11-30;800000.0;5511;MOSCOW;O7K1D DXT7-C CI KE0;EEZFY4
2019-12-11;800000.0;5511;MOSKOVSKIJ;EJC 5VGMQ;LQIKNJ
2019-10-30;799000.0;5944;MOSKVA;I7JE41J TJ1C1D7;MIRKRK
2019-11-12;798874.0;4722;MOSCOW;IHL0 C18 JLKK47;EGXXGY
2019-12-06;797500.0;5399;MOSKVA;EKLC EJ784DZ AXLK1;EL05VZ
2019-10-23;795600.0;5944;MOSCOW;W7E13 WA4H4WW1;QNLNKM
2019-11-27;793817.0;5651;MOSKVA;0XEE1Z7 T1D1E7 M;ELEB4O
2019-12-13;792659.72;9311;MOSCOW;D7HXZ.JL;LRMTIK
2019-11-09;792000.0;5511;SANKT-PETERBU;XXX X84KK1O7-KW0 M;2XXODX
2019-11-22;790000.0;7997;MOSCOW;1DIXJ1 94ED1KK I4EO;KTNPTI
2019-12-11;790000.0;5621;MOSCOW;9LJD7J4;JTJPQI
2019-09-27;789000.0;5511;KRASNOYARSK;37C7 EK1DEJ 3J7KDXO7JK3;BSDCGD
2019-11-10;788500.0;5699;BARVIKHA D.;97KA4XD;LDCOCX
2019-11-24;786887.71;5691;Lille;Artvrk;2SHONH
2019-12-03;785719.0;9311;MOSCOW;D7HXZ.JL;BGOYYO
2019-12-03;785000.0;5944;KRASNOGORSK;C1JILJO;TCHDSO
2019-09-28;784300.0;5399;MOSKVA;EKLC EJ784DZ AXLK1;EEBO7B
2019-12-09;783816.0;5511;ZARECHE;W7D7TEX-C;KXODHG
2019-12-05;782700.0;5399;MOSKVA;EKLC EJ784DZ AXLK1;8DNXGX
2019-09-25;781897.82;8099;MOSCOW;1CI KW4J48XD1TK34O;RRJKIQ
2019-10-25;780000.0;5511;EKATERINBURG;7TEX. 8XC D7 072XTXC;RRJKTK
2019-10-31;779999.0;5511;MOSRENTGEN P,;XXX 4widnrmp Agohmwc;LNINPR
2019-11-30;779350.0;5399;MOSKVA;EKLC EJ784DZ AXLK1;MIMPLQ
2019-09-20;776526.0;3047;UK;ELJ34KA 74JH4D1K;EE2POR
2019-10-15;776000.0;5699;MOSKVA;IAJ4KE47D 84XJ;EE2974
2019-10-09;775334.16;5200;MOSCOW;XXX KE7JE;E447AC
2019-12-06;775000.0;5511;MOSCOW;847C7DE MM;E4URLU
2019-11-14;773144.0;9311;MOSCOW;D7HXZ.JL;NNTINT
2019-12-14;771800.0;5944;MOSCOW;C KEOH1;2GDCHD
2019-11-16;770610.12;4511;MOSCOW;7DOU7O7DO87O.IXC;LRMTIK
2019-11-20;770000.0;4722;MOSCOW;ELJ7Z1DEKETX;PFOYCH
2019-09-18;769000.0;5511;SANKT-PETERBU;J1KW0 9HJ6 XH8 CI XEA1;EL1064
2019-11-11;766482.56;6300;KHANTY-MANSIJ;3A7DEO-C7DK4OK3 LZK3;NMMIMR
2019-10-24;765513.0;5921;MOSCOW;XXX X21H1EE7;JRRLNL
2019-11-19;764000.0;5521;KHIMKI;XXX 79KA T4K7;EL8NRU
2019-10-18;763553.35;9311;MOSCOW;D7HXZ.JL;JTIIMI
2019-12-09;762500.0;5944;MOSCOW;C1JILJO;MJPQLI
2019-11-06;762100.0;5521;PUTILKOVO;K-2 94D. LKHLZ4 B;MJNJJQ
2019-10-30;762000.0;5521;ZARECHE;W7D7TEX-T;8ELMRX
2019-11-29;762000.0;5533;KRASNODAR;7TEXK7HXD KCE;E4ECCJ
2019-10-19;760000.0;5511;MOSCOW;2KM-7-C 0-L CI KEXJ.0.;E4FGNT
2019-10-11;758929.0;8999;MOSCOW;W7O.AK1.JL;QDCSOG
2019-12-12;758212.0;8011;MOSKVA;W1J4D7E7H I1DE1J;MPTPJN
2019-12-10;758126.6;5691;MOSCOW;C7Z724DO.0XKIX;RTILJM
2019-09-27;757185.0;3047;UK;ELJ34KA 74JH4D1K;EE2POR
2019-10-15;756160.0;5661;KRASNOGORSK;W7J78 LD4CXHH;MJNLMQ
2019-11-27;756000.0;5691;MOSCOW;A1JC1K KEXH1KAD43XT;MLNIQL
2019-12-15;755035.6;5611;MOSCOW;C7Z724DO 0XKIX;TTNNKR
2019-12-14;752000.0;5533;N.NOVGOROD;7TEXK7HXD D4KK7D M;E4D8GQ
2019-11-23;751042.0;5712;MOSCOW;WXK KAC48E 1TJXW7;ELDZMD
2019-11-18;751000.0;5651;MOSKVA;HXJX W47D7;E4TFP5
2019-10-25;750570.0;3011;MOSKVA;71JX9HXE W7X;MQLNIJ
2019-10-15;750204.46;9399;MOSKVA;CLHE4K1JT4KD7O7 WH7E12;EL24KE
2019-12-13;750000.0;5521;SPB;XXX 3XDEJXH H424D;E4A566
2019-11-06;750000.0;5699;KRASNOGORSK;IA7D1H;MNQRJQ
2019-10-07;750000.0;5812;MOSCOW;WJ4C7T1J7;8DCDCN
2019-12-14;750000.0;5521;MOSCOW;97TXJ4E CXEXJK K2 KCE;LKINKK
2019-09-24;748335.0;5712;MOSCOW;8X D7A4CXTK34O M;E4CEG1
2019-09-23;748000.0;5944;MOSKVA;I7JE41J TJ1C1D7;0XYSOC
2019-10-26;747327.5;5932;MOSKVA;H4E9LD8;JFHOFG
2019-11-03;747200.0;5681;SANKT-PETERBU;CX8DOO 8XC 3LKK1D3XTT;ELKXHC
2019-10-17;747000.0;1799;MOSKVA;KIALIX;ELDZMD
2019-10-22;746510.96;9399;MOSKVA;CLHE4K1JT4KD7O7 WH7E12;8DHDOC
2019-10-20;746500.0;5651;MOSKVA;1JC1D1Z4H8X 21ZD7 M;MLLKQT
2019-11-21;746300.0;5732;MOSCOW;WLHE.JL;PKPJQR
2019-11-05;746126.0;8999;SANKT-PETERBU;Z72WJXC ZJ;ELGZBY
2019-12-13;745525.0;5944;SANKT-PETERBU;C1JILJO;JNMRKI
2019-10-31;744724.0;4722;Moscow;3lormhgkigpr;NNTINT
2019-10-23;744000.0;3509;MOSKVA;C7JJ4XEE ZJ7D8 98;8DCDCN
2019-11-02;744000.0;5399;MOSKVA;EKLC EJ784DZ AXLK1;LRMTLL
2019-10-22;740969.0;5712;ST PETERSBURG;4317 8XC F I7KA H4D1;IPTMRP
2019-11-20;740000.4;5944;MOSKVA;X994I1 JHZ;JMRKMP
2019-12-06;740000.0;5699;MOSKVA;84XJ KEXH1KD43XT;MTTJQK
2019-10-26;738596.88;5411;VOLGOGRAD;C1EJX I7KA&I7JJOMVBP;7XGCCN
2019-09-24;738376.38;6300;RAIFFEISEN LI;XXX K3 J749914K1D H491;MMNMRN
2019-11-15;737800.0;5944;SANKT-PETERBU;C1JILJO;LJKIQR
2019-11-25;736900.0;5533;BEREZOVSKIJ;H787-I1DEJ;MNKNTL
2019-12-03;736551.0;9311;MOSCOW;D7HXZ.JL;E4O9QU
2019-10-08;736320.0;3047;UK;ELJ34KA 74JH4D1K;EE089A
2019-10-04;736320.0;3047;UK;ELJ34KA 74JH4D1K;EE089A
2019-09-18;734900.0;5699;MOSCOW;HXJX W47D7;EEV81J
2019-10-11;734841.0;9311;MOSCOW;D7HXZ.JL;ELDXCY
2019-09-18;734825.0;5691;MOSCOW;9J7C1 AW;E4YAR8
2019-10-01;734535.0;3047;UK;ELJ34KA 74JH4D1K;EE089A
2019-11-23;733664.17;5200;MOSCOW;3XCKXCXHK34Y;MQMQMM
2019-10-03;732000.0;5699;MOSCOW;0J4XD4;MQJLMK
2019-09-28;731079.0;3047;UK;ELJ34KA 74JH4D1K;EE089A
2019-11-06;731000.0;8299;SAINT PETERSB;7DX 7W1 KK1 4D KW0;E46SK0
2019-10-21;730000.0;6010;MOSCOW;J07 I7KA WXK VSMG6;E4A2MT
2019-09-27;729708.04;4722;Internet;7ZX87.IXC;EEM8PV
2019-10-27;729000.0;5511;DZERZHINSKIJ;XXX CWH7E12A;E4LRMP
2019-11-14;727000.0;5511;MYTISHHI;K1T1JG-B7-C CK KE.0.;E4S94O
2019-10-14;726810.0;5399;MOSKVA;EKLC EJ784DZ AXLK1;MNJNLQ
2019-12-16;726000.0;5399;MOSKVA;EKLC EJ784DZ AXLK1;NMMIMR
2019-12-08;725498.84;6300;MOSKVA;XXX K3 J749914K1D H491;EELYIT
2019-10-03;724610.0;5651;KRASNOYARSK;Z7H1J1O7 A7LE1 IXLELJ1;ELF98A
2019-10-25;724455.0;5944;MOSCOW;0JXDD4I34Y OLT1H4J;LDFHGO
2019-11-06;724126.35;6300;MOSKVA;XXX K3 J749914K1D H491;KMIMRL
2019-11-15;722451.09;8099;MOSCOW;1CI JX88XC WJ7T87;IKPPPQ
2019-09-19;722193.0;3047;UK;ELJ34KA 74JH4D1K;EE089A
2019-09-24;722193.0;3047;UK;ELJ34KA 74JH4D1K;EE089A
2019-12-07;721984.0;3026;MOSCOW;ZI_1C4J7E1K;MTQRKJ
2019-11-22;720100.0;5944;MOSKVA;JHZ X994I1;IIRIKP
2019-09-27;720000.0;5533;KHIMKI;7TEXC4J 9T T;ELS42C
2019-11-27;720000.0;5944;MOSKVA;JHZ X994I1;EL9LKC
2019-12-07;720000.0;5521;MOSCOW;C7Z4KEJ7H 8C I1DEJ;1OGCXS
2019-09-25;719946.0;5999;MOSCOW;3XHIALZ7 B;ELX9H1
2019-09-27;718125.68;7011;Internet;7ZX87.IXC;EEM8PV
2019-09-22;717250.0;5732;MOSKVA;E1AD437 C41H1 3LAD4;JNPLKJ
2019-10-22;717179.72;4511;MOSCOW;7DOU7O7DO87O.IXC;RQRTMN
2019-11-19;716000.0;5521;MYTISHHI;T1KA34B-K1JT4K;E52ALV
2019-12-16;715000.0;5944;MOSKVA;T7D IH119&7JW1HK ZLC;0SGCGY
2019-10-09;714396.0;3011;MOSKVA;71JX9HXE W7X;JNIINI
2019-11-01;711918.0;8099;MOSCOW;1CI 3H4D437 KAIA1W34D7;MJNTRR
2019-09-23;711360.0;5944;SANKT-PETERBU;XC1Z7;ELX2Z4
2019-10-21;711299.0;8099;MOSCOW;1CI 3H4D437 KAIA1W34D7;MJNTRR
2019-12-11;711177.0;3011;MOSKVA;71JX9HXE W7X;PQPQPJ
2019-10-15;710250.0;8099;MOSKVA;98I;ELUL5I
2019-11-08;710000.0;5533;MOSCOW;EXOXE7 3XHXC1DK3X1;EL4TTB
2019-10-18;709023.0;8099;MOSCOW;1CI 3H4D437 KAIA1W34D7;MJNTRR
2019-12-17;708300.0;5651;MOSKVA;HXJX W47D7;MNJKPN
2019-10-28;708000.0;4722;Moscow;3lormhgkigpr;NNTINT
2019-09-16;707636.0;5944;MOSCOW;5PS;ELJ7HL
2019-09-25;706555.2;4511;MOSCOW;3U0*T4K7IXDIXJ8;8DCDCN
2019-11-29;705747.0;8099;MOSCOW;1CI 3H4D437 XJHXTK34O;EE8PCR
2019-10-09;705000.0;5200;NOVOROSSIIYSK;"""4W JX21D91H8 1.T.""";BCXDCF
2019-10-21;705000.0;5511;NOVOSIBIRSK;7TEXC4J WJ1C4LC;NQNMKJ
2019-11-25;704820.0;4511;MOSKVA;7KW1J7 1NWHXJ7E4XDK;PMINPK
2019-10-31;704763.0;5712;MOSKVA;T1H1K;ELCI5B
2019-11-09;704211.0;8099;MOSCOW;1CI 3H4D437 KAIA1W34D7;MJNTRR
2019-11-10;704211.0;6300;MOSKVA;XXX K3 J749914K1D H491;MPQRPI
2019-11-11;704211.0;6300;MOSKVA;XXX K3 J749914K1D H491;MRMJTP
2019-11-29;703834.56;5411;VOLZHSKIY;C1EJX I7KA&I7JJOMQVS;7XGCCN
2019-11-22;702300.0;6300;MOSKVA;XXX K3 J749914K1D H491;JQKKMP
2019-10-26;702000.0;4722;MOSCOW;XXX C7 C4HO7D7;IKNNNR
2019-12-01;701590.0;3005;LONDON;0J4E4KA 7   MBGBMVB6FSQBB;KPJRLN
2019-12-04;700672.43;9399;MOSKVA;CLHE4K1JT4KD7O7 WH7E12;EERL0S
2019-10-23;700490.0;4215;MOSKVA;MSSQMM65;MNTLIT
2019-10-17;700000.0;8099;MOSKVA;9K04 IIA U4EA XLEW7E41;UYCCON
2019-11-26;700000.0;6300;MOSKVA;XXX K3 J749914K1D H491;ELXC7N
2019-09-25;700000.0;6300;RAIFFEISEN LI;XXX K3 J749914K1D H491;MIJMKR
2019-09-26;700000.0;4511;MOSCOW;WX4K3 EXLJ;RPLNQR
2019-09-26;700000.0;4511;MOSCOW;WX4K3 EXLJ;RPLNQR
2019-12-16;700000.0;5511;KHIMKI;7TEXC4J 9T;RRQJJP
2019-10-31;700000.0;8099;Moskva;1CI;IPNRTM
2019-12-06;700000.0;5533;KRASNODAR;K0KT 7TEXWXJE KA3X87;E4DDG6
2019-11-28;700000.0;5511;MOSKOVSKIJ;E13A4D3XC;EETXK2
2019-11-16;700000.0;5511;Moskva;EJC 5MFSP;E4EK9M
2019-12-09;700000.0;5699;KRASNOGORSK;IA7D1H;MJMNKN
2019-09-19;700000.0;7538;MOSCOW;7T4HXD A8;E4DIAA
2019-09-23;700000.0;6300;RAIFFEISEN LI;XXX K3 J749914K1D H491;INKRQL
2019-10-26;700000.0;5511;STPETERSBURG;TU 3H7KK437 7TEX B;LNJTKT
2019-12-05;700000.0;5977;SANKT-PETERBU;H 1EX4H1;QSNDSS
2019-09-18;700000.0;6012;London;I7LJ4;EEU9V9
2019-12-12;700000.0;5521;MOSCOW;7T4HXD H1Z1D87 T4K7;4DFCYC
2019-10-20;699000.0;5511;KHIMKI;J3AB- 0L 7C CI KE.07D3;ELTNEZ
2019-10-14;697250.0;5511;EKATERINBURG;07Y3 A7LK;ELY0OO
2019-09-22;696760.0;5691;MOSCOW;K7H4E7;EL90AR
2019-12-18;695707.48;5511;MOSKVA G;7TEX8XC 2gtcr;RMLTLT
2019-12-04;695000.0;5719;MOSCOW;4DE1J8427YD;LQQNLR
2019-10-06;695000.0;5511;MYTISHHI;W1EJXTK34O;UOOCFH
2019-11-09;695000.0;5511;SANKT-PETERBU;AOLD874 D1U CI XEA1J;INRKRK
2019-10-16;694000.0;5712;MOSCOW;Z4LH47 DXT7JK;ELCI5B
2019-10-16;693500.0;7011;SANKT-PETERBU;31CW4DK34 AXE1H-J1I1WE;PQQTNT
2019-10-26;693500.0;5521;MOSCOW;YHJO7K1D1TXK1JT4K;QDODNF
2019-12-16;693150.0;5699;MOSCOW;EKLC;JKLJQQ
2019-12-17;692910.0;8099;MOSCOW;37AXT37;QTLPPL
2019-11-22;692800.0;5681;MOSKVA;C1NM;MNNTQM
2019-10-28;692697.0;3026;MOSCOW;ZI_1C4J7E1K;PPJMJM
2019-12-16;692600.0;5944;MOSCOW;97KA4XD 2XD1;QJQINR
2019-11-29;691157.0;8021;MOSCOW;3H4D437 0XKIX;MLPIPL
2019-11-28;690632.0;9311;MOSCOW;D7HXZ.JL;LLRQKT
2019-10-20;690370.0;5691;SANKT-PETERBU;070XIA37;IRKLMM
2019-11-02;690000.0;5681;MOSKVA;7CC7H47DE1;QMQRIM
2019-12-07;690000.0;5511;KRASNOGORSK;K-2 0-L CK KE.0.;ZNXSNF
2019-11-17;689860.0;5331;MOSCOW;XXX DXTOO KE4H;MRKQKT
2019-09-23;689000.0;5691;MOSCOW;HXL4K TL4EEXD;PMKTTP
2019-11-05;688575.0;4511;Moskva;WH*lolsml.;2GGFCO
2019-11-30;688452.0;5039;MOSKVA G;XXX 7tu-4wurtrt;0XNSOX
2019-09-24;688450.0;5719;SANKT-PETERBU;EEK C101HDOO 3XDE4D1DE;EL46K4
2019-12-06;688300.0;5571;PERM;K7HXD-C7Z724D;ELEQ1P
2019-12-16;687414.0;8299;LONDON;9HOU4J1;AGONXC
2019-11-09;687004.01;6300;MOSKVA;XXX K3 J749914K1D H491;MLMLNR
2019-12-15;687000.0;5511;SANKT-PETERBU;J1KW0 H7AE7M D1U CI XE;4DSXNY
2019-10-09;686650.0;4722;MOSKVA;EJ1T1H1;JTMTTQ
2019-11-07;685120.0;5691;NOVOSIBIRSK;7J4KEXIJ7E;BDSCGF
2019-11-30;685000.0;5511;KRASNOGORSK;XXX JEJ 7LEX;ZXFNYS
2019-10-03;685000.0;5511;EKATERINBURG;3XCW7D4O7 7TEX WHLK;ELY0OO
2019-11-16;685000.0;5511;Moskva;EJC 5MFSP;E4EK9M
2019-10-06;683400.0;5533;BALASHIKHA;C0-42C7OHXTX M;E4H6C8
2019-09-28;683351.83;4900;SANKT-PETERBU;"7X ""1E7HXD H1DKW1EKKCL";0FSYDD
2019-11-27;683025.0;4511;MOSKVA;EJ7T1H 0JXD4JXT7D41;EE86OO
2019-11-24;681300.0;5399;MOSKVA;EKLC EJ784DZ AXLK1;KJKPKI
2019-11-13;681274.0;5735;MOSKVA;XXX HK-1KE7E1;KPJRLN
2019-10-09;681267.92;4511;MOSKVA;KX84K-EXLGVPGPBVSFS;0NOGYY
2019-10-14;681207.0;4511;MOSCOW;E12 EXLJ K4E1;LMQTKM
2019-10-22;680723.0;4722;MOSCOW;IHL0 C18 JLKK47;EEV4U8
2019-11-17;680610.0;5521;MOSCOW;XXX CWH7E12A;EL9855
2019-12-02;679950.0;9311;MOSCOW;D7HXZ.JL;RPJLKM
2019-11-30;679794.0;5712;MSK;XXX  4 813XJ;PRTQMJ
2019-11-27;679581.54;5200;MOSKVA;8XJ47D JL;IRKQNN
2019-09-30;679232.0;5719;OBUKHOVO;XW X0L3AXTX;RKPPIT
2019-12-01;677187.6;9311;MOSCOW;D7HXZ.JL;4HGSDX
2019-11-24;677000.0;5511;MOSCOW;847C7DE MM;7GGOOS
2019-10-23;676977.23;8099;MOSCOW;1CI 3H4D437 KAIA1W34D7;MIPTLJ
2019-11-07;676670.0;3026;MOSCOW;ZI_1C4J7E1K;RKIPPI
2019-09-26;674900.0;5691;MOSCOW;A1JC1K ZLC;JLMQJI
2019-12-09;674592.2;4511;Moskva;WH*lolsml.;2GGFCO
2019-10-03;674500.0;5691;MOSCOW;IA7D1H Z1D1T7;MJNLMQ
2019-10-26;673452.23;5211;MOSKVA - 45-2;T1D1I4O7 KEXD1 KEXH4I7;JKRLNK
2019-10-06;672441.0;3011;MOSKVA;71JX9HXE W7X;JKMJLL
2019-11-22;672200.0;8999;MOSCOW;IAL8X WE4 3J19;8E4OSI
2019-11-04;671790.0;9311;MOSCOW;D7HXZ.JL;LMJLIN
2019-11-29;670577.0;5732;MOSKVA;7WWH1 XDH4D1 KEXJ1 JLK;PPQNKN
2019-09-16;670500.0;5699;BARVIKHA;XXXC91KAD97KA4XD;MINLMT
2019-11-01;670146.74;5311;LONDON;A7JJX8K HE8;4CDCOC
2019-12-04;670000.0;5699;KRASNOGORSK;IA7D1H;EE5EYU
2019-12-03;670000.0;5511;SANKT-PETERBU;W1EJXTK34O 7TEXEK1D;EEZOQ7
2019-12-06;670000.0;5944;MOSKVA;JHZ X994I1;JFHFHH
2019-11-25;669946.65;8099;MOSCOW;1CI JX88XC WJ7T87;LDXYYF
2019-10-15;669500.0;5521;MOSCOW;JEB-K1JT4K;ELK8SH
2019-11-15;669090.0;5651;MOSKVA;WXHX J7HWA H7LJ1D;EEBTZO
2019-11-21;668492.39;6300;MOSKVA;XXX K3 J749914K1D H491;EEPXYF
2019-12-14;668318.0;5399;SANKT-PETERBU;EKLC-8HE;LNCFFY
2019-12-16;668264.0;3026;MOSCOW;ZI_1C4J7E1K;MLTRLN
2019-12-14;667490.0;5533;MOSCOW;7TEXC4J WJ1C1J T;MIJIQT
2019-10-12;666000.0;5942;MOSKVA;H40J4K 0XX3;EEIIN1
2019-11-25;665772.0;9311;MOSCOW;D7HXZ.JL;EGFSSH
2019-12-05;665000.0;5621;MOSCOW;LHO7D7 K1JZ11D3X KEXJ1;0GSHXY
2019-11-22;664900.0;5521;TOMILINO;C1EJX 7TEX T4K7 KCE;MPLKJR
2019-11-05;664695.0;5712;MOSKVA;K3XW1J;ELJ7HB
2019-11-25;664350.0;5691;MOSCOW;A1JC1K ZLC;E4LF9F
2019-09-24;664142.0;3011;MOSKVA;71JX9HXE W7X;EEP9YK
2019-11-06;664104.0;6300;MOSKVA;XXX K3 J749914K1D H491;BSSGFC
2019-12-15;664000.0;5944;MOSKVA;T7D IH119 & 7JW1HK;ELFPIR
2019-11-27;663827.13;9311;MOSCOW;D7HXZ.JL;MPKRTL
2019-09-26;663000.0;5511;G MOSKVA;XXX 07HE7LEXEJ781-C;KPMPIL
2019-12-09;662910.0;5722;MIELE SHOP RU;XXX C4H1 I4K;EYGDOO
2019-12-03;662892.0;4511;MOSKVA;7KW1J7 1NWHXJ7E4XDK;PMINPK
2019-12-11;662860.0;5719;SANKT-PETERBU;4W E4K34D 7.T.;ELM856
2019-09-22;662207.0;5732;MOSKVA;E1AD437 C41H1 3LAD4;JNPLKJ
2019-12-03;662206.0;5732;MOSKVA;E1AD437 C41H1 3LAD4;JNPLKJ
2019-10-12;661895.0;5691;MOSCOW;0JLD1HHX ILI4D1HH4;E4TFP5
2019-11-18;661510.0;9311;MOSKVA;ZXKLKHLZ4.JL;TFYOFG
2019-11-06;658375.0;8099;SANKT-PETERBU;XXX 313A 70J41HH;RNMMKP
2019-12-18;657000.0;4511;MOSKVA;UUU.7JEEXLJ.JL;7GHOOH
2019-12-08;656400.0;5691;MOSCOW;A1JC1K ZLC;ZXHYSG
2019-12-09;655700.0;5699;KRASNOGORSK;IA7D1H;MJMNKN
2019-11-03;655000.0;5533;SANKT-PETERBU;J-CXEXJK H787;TQLMKL
2019-11-16;654200.0;5651;MOSKVA;'ZLII4 EKLC UXC1D'K IH;EEQ4VM
2019-11-25;654194.7;5521;ARKHANGELSKOE;XXX CWH7E12A;QKTJLL
2019-10-25;654194.7;5521;ARKHANGELSKOE;XXX CWH7E12A;QKTJLL
2019-09-25;654194.7;5521;ARKHANGELSKOE;XXX CWH7E12A;QKTJLL
2019-10-22;653622.14;5712;MOSKVA;IH7KK43 A7HH HE8;KXYOHG
2019-10-13;653211.0;4511;MOSKVA;X2XD EJ7T1H;E4DPD8
2019-11-29;651568.0;4722;MOSCOW;XXX 3H70 C18 JLKK47;QQQKLL
2019-10-23;650850.0;5699;BARVIKHA D.;97KA4XD;LDCOCX
2019-11-14;650717.04;4511;MOSKVA;KX84K-K7C   GVPGQSPQBS;LLPTNK
2019-10-12;650500.0;5691;MOSCOW;A1JC1K KEXH1KAD43XT;E4TFP5
2019-12-04;650146.24;5200;MOSCOW;XXX Z7H1J1O7 KE4HO7;EEQSZ0
2019-11-27;650000.0;8398;MOSKVA;H4D4O7 2A42D40H7ZXETXJ;8SHFHD
2019-09-28;650000.0;5193;MOSKVA;C7JLK4D K78;8SHFHD
2019-10-18;650000.0;5712;PETROZAVODSK;XXX ETXO7 3L3ADO7;EETUFS
2019-11-06;650000.0;5944;MOSKVA;A. KE1JD;EL44UP
2019-10-29;650000.0;8011;MOSCOW;C18K4 28XJXT41;MIIIJN
2019-11-29;650000.0;5511;NIZVRT;347 EK1DEJ;EL7QVL
2019-09-21;650000.0;5511;SANKT-PETERBU;W1EJXTK34O KW0 VB;ENFSSH
2019-12-11;650000.0;5691;MOSCOW;A1JC1K ZLC;E4NDDO
2019-10-10;650000.0;8099;MOSKVA;W1J4D7E7H I1DE1J;ITRTLM
2019-09-21;650000.0;5511;MOSCOW;H1NLK-7-C CI KE.0.;BXFGHS
2019-11-14;649300.0;5722;EKATERINBURG;I4E4H4D3 Z1JX1T JXKK44;ELYY9Q
2019-10-09;648672.0;6300;RAIFFEISEN LI;XXX K3 J749914K1D H491;NNNNIT
2019-11-28;648563.0;8021;MOSCOW;XXX 9XDE1 WHOLK;MQKMTJ
2019-12-15;648000.0;5533;NEMCHINOVKA;XXX EEK 3LDEK1TX HE8;E4HMC0
2019-12-14;648000.0;5944;MOSCOW;XXX C KE4H C1JILJO;IPIPNP
2019-09-17;647861.0;3011;MOSKVA;71JX9HXE W7X;EL98TN
2019-10-13;646753.0;5691;LAPSHINKA;7HH K17KXDK 3XC9XJE;MINQNJ
2019-12-01;646320.0;7230;ZHUKOVKA;WJ4C7T1J7;KPRIQP
2019-09-22;645663.0;5812;MOSKVA;Iljr Kmtrw;MRINNL
2019-09-30;644156.0;6300;RAIFFEISEN LI;XXX K3 J749914K1D H491;RRQITT
2019-12-03;644097.0;6300;MOSKVA;XXX K3 J749914K1D H491;ISFYGC
2019-10-12;644050.0;5651;MOSKVA;HXJX W47D7 M;E4TFP5
2019-12-04;644012.0;4722;MOSKVA;EJ1T1H1;JTMTTQ
2019-10-15;643652.0;6300;RAIFFEISEN LI;XXX K3 J749914K1D H491;MRJIPI
2019-11-18;643589.0;4722;ONLINE;"1EJ*kyprtklsrt_ty;HVNU";RRQKRM
2019-11-13;642831.0;7011;KISLOVODSK;WH727 K7D7EXJ4O;8EEEI2
2019-10-23;642600.0;5944;MOSCOW;XXX C KE4H C1JILJO;QMQNNK
2019-09-29;642600.0;5944;MOSCOW;C KEOH1;8EEQZZ
2019-10-11;642294.0;5511;DZERZHINSKIJ;W1EJXTK34O CK-K0;BHXFHX
2019-09-21;641470.0;9311;MOSCOW;D7HXZ.JL;RPTTTN
2019-09-26;641417.0;6300;RAIFFEISEN LI;XXX K3 J749914K1D H491;PFXNXN
2019-11-03;641114.0;5944;SANKT-PETERBU;I4J3XD KAXW;EEKAG9
2019-11-26;641000.0;5511;MOSCOW;7T4HXD YHJ-M;MRPPNL
2019-11-08;640331.96;4511;MOSCOW;K1JT4K ELJ42C;RRNRMT
2019-11-06;640000.0;5944;Moscow;87 T4DIA4-73JXWXH;EL2QKD
2019-10-10;640000.0;5533;KOTELNIKI;7T4HXD01H7O787IA7T4K7;KLKNTQ
2019-11-12;640000.0;5511;SANKT-PETERBU;J1KW0 D1T7M XH8 CI XE;ELFFB0
2019-11-28;639722.0;6300;MOSKVA;XXX K3 J749914K1D H491;MLQNLR
2019-12-17;639300.0;5944;MOSKVA;A. KE1JD;JQMTLN
2019-10-05;638996.0;3026;MOSCOW;ZI_1C4J7E1K;QRITMI
2019-11-13;638530.0;6300;MOSKVA;XXX K3 J749914K1D H491;JLIINK
2019-09-23;638487.0;6300;RAIFFEISEN LI;XXX K3 J749914K1D H491;KNPLQJ
2019-10-12;638151.0;5211;MOSCOW;13KWXKEJXY K7DE13AD437;RPPTQP
2019-11-20;637793.77;6300;MOSKVA;XXX K3 J749914K1D H491;MJKPTP
2019-11-01;637748.0;6300;MOSKVA;XXX K3 J749914K1D H491;ELTK7N
2019-11-19;637542.0;6300;MOSKVA;XXX K3 J749914K1D H491;RJLMJL
2019-10-08;636700.0;5651;BARVIHA;EXC 9XJ8 B;MNTINN
2019-12-14;636000.0;5511;MOSCOW;OLZ-0-L 7-C CK KE.0.;KHGCGN
2019-12-12;635716.57;6300;MOSKVA;XXX K3 J749914K1D H491;IOOSYD
2019-10-16;635401.28;7538;MOSCOW;7T4HXD JJ;MKIPTR
2019-11-29;634305.0;5712;MOSKVA;C101H;EEJT04
2019-10-27;634000.0;5521;PUTILKOVO;K-2 94D. LKHLZ4 B;ELKAR8
2019-11-18;633000.0;5521;MOSCOW;JXH9 17KEM  -K1JT4K;9DCCSF
2019-10-14;632880.0;6513;MOSKVA;4W WH1KA4TEK1T K.T.;E4O7EP
2019-10-19;632500.0;5651;MOSKVA;EXC 9XJ8 M;EEMOLQ
2019-10-29;632024.0;5533;NOVOSIBIRSK;7C37W4E7H T;7NGNYO
2019-10-23;632000.0;5533;SANKT-PETERBU;W4E1J-H787 T4K7;ELUAM1
2019-10-01;631750.0;5511;MOSKVA;0JW I1DEJ KE7JE;QKKIRN
2019-10-10;630250.0;5399;MOSKVA;EKLC EJ784DZ AXLK1;KPRIQP
2019-10-02;630000.0;5511;ALTUFEVSKOE S;WJ74C 0-L 7-C CI KE.0.;QNPQNJ
2019-11-26;629685.0;4722;SANKT-PETERBU;KXH17DK EJ7T1H M;JNMRKI
2019-11-17;629000.0;5399;MOSKVA;EKLC EJ784DZ AXLK1;E4O7EP
2019-10-14;628784.0;3011;MOSKVA;71JX9HXE W7X;EELVO7
2019-12-04;628549.0;3011;MOSKVA;71JX9HXE W7X;EE8FK0
2019-09-29;628421.0;5651;MOSCOW;XXX WJ1ZX;LKMLPP
2019-11-03;628022.0;3011;MOSKVA;71JX9HXE W7X;MPLTIR
2019-10-11;626950.0;5651;MOSKVA;0J4XD4 B;EL8JEV
2019-11-18;626781.0;4511;MOSCOW;KX84K;RPLQJN
2019-09-18;626598.24;5812;SANKT-PETERBU;K3H78;NNPJNR
2019-12-19;625831.0;6300;MOSKVA;XXX K3 J749914K1D H491;MTLKKJ
2019-12-05;625580.0;3011;MOSKVA;71JX9HXE W7X;LLTPMT
2019-12-19;625326.0;6300;MOSKVA;XXX K3 J749914K1D H491;MPRMQJ
2019-10-09;625000.0;5533;ROSTOV-NA-DON;XXX T43EXJ4O7 FM;PQKNNR
2019-12-15;625000.0;6012;MOSCOW;IBI J-XDH4D1;MLPPNQ
2019-09-22;624896.0;5944;S-PETERBURG;JLKK34O1 K7CXEKT1EO XX;LNKRTJ
2019-12-03;624630.0;5399;MOSKVA;EKLC EJ784DZ AXLK1;JKLJQQ
2019-10-12;624322.4;8099;MOSCOW;1CI 3H4D437 KAIA1W34D7;4DFXDC
2019-11-20;621406.26;9311;MOSCOW;D7HXZ.JL;KXFSSN
2019-11-28;621356.0;9311;MOSCOW;D7HXZ.JL;TIKKMQ
2019-12-03;620515.0;5651;MOSKVA;0J4XD4;MPKRTL
2019-10-24;620000.0;5511;Himki;EJC QSQQB;E4BJT1
2019-10-03;620000.0;8099;MOSCOW;7X 3 WHOLK QM;9OXSNH
2019-11-22;620000.0;8099;KRASNOYARSK;4W 3XDKE7DE4DXT 3D;EEVCQI
2019-10-14;619970.0;5732;SANKT-PETERBU;KCKZ KW0 ZJ7D8 37D;ELNO5P
2019-12-14;619936.0;6513;MOSKVA;EJC QPPPP;LKNMIM
2019-11-15;619494.0;5094;EKATERINBURG;4W 01HXT 7 K;RKJRQT
2019-10-14;619062.0;4722;MOSKVA;EJ1T1H1;LDCOCX
2019-12-08;617550.0;5651;MOSKVA;8XHI1 Z7007D7;KXCOSX
2019-10-26;617136.0;3026;MOSCOW;ZI_1C4J7E1K;JRMLQN
2019-12-04;616687.04;4722;KHIMKI;3A4C34 ELJ;IJQMJJ
2019-11-23;616086.34;4722;MOSCOW;7ZX87.IXC;MLPMLN
2019-09-19;616000.0;5511;MYTISHHI;K1T1JG-B7-C CK KE.0.;KYOOGX
2019-09-18;615970.0;5712;N.NOVGOROD;3L3AD4 7DXDK;ELXEEP
2019-09-20;615000.0;5521;MOSCOW;I4EO-K1JT4K;QTKQIL
2019-10-05;614933.1;5521;MOSCOW;7T4HXD 7CZ;QMLQKN
2019-11-29;614863.0;9311;MOSCOW;D7HXZ.JL;JMNJNJ
2019-10-19;614550.0;5399;MOSKVA;EKLC EJ784DZ AXLK1;EERMFR
2019-11-14;614300.0;5691;BARVIKHA;U4KA H4KE;E4O9QU
2019-12-12;613739.0;5200;MOSCOW;XXX 3AXZ7JE-7JE 7JEWH1Y;MIMPJK
2019-10-09;610000.0;5691;SANKT-PETERBU;HXL4K TL4EEXD;MKRLPI
2019-09-20;610000.0;5944;MOSKVA;I7JE41J ZLC;5FYCHG
2019-09-19;608700.0;5399;MOSKVA;EKLC EJ784DZ AXLK1;RTNPQK
2019-11-29;608563.0;9311;MOSCOW;D7HXZ.JL;AXSDSS
2019-12-02;607800.0;5521;MOSCOW;XXX CWH7E12A;MILMRJ
2019-10-14;607740.0;8062;MOSCOW;ZCK Agkpmulo;RNKTQQ
2019-12-05;607600.0;5651;SANKT-PETERBU;0XLE4RL1 34EXD;QKLINJ
2019-11-24;605555.0;5651;MOSKVA;WXHX J7HWA H7LJ1D M;LPTIJT
2019-10-22;605195.0;5712;MOSCOW;KW13EJ;RPNJIJ
2019-11-28;604860.0;3011;MOSKVA;71JX9HXE W7X;RLLRIM
2019-10-11;604424.0;9311;MOSCOW;D7HXZ.JL;KMPPJQ
2019-10-29;604400.0;5651;MOSKVA;EXC 9XJ8;MQLTLI
2019-10-05;601984.72;4511;MOSCOW;T4K7 IXDIXJ8;8DCDCN
2019-09-28;601500.0;5521;SHAKHTY;XXX KA7AEO H787;EL19N6
2019-11-20;601137.56;9311;MOSCOW;D7HXZ.JL;ELXOSS
2019-10-19;600950.0;5511;ARKHANGELSKOE;XXX CWH7E12A H;5OXNDG
2019-10-22;600570.0;5691;MOSCOW;0JLD1HHX ILI4D1HH4;UNNSYH
2019-10-13;600510.64;6538;MOSCOW;HJ*bbb.xvbxlwn.ty;ELY5B1
2019-11-23;600242.0;3011;MOSKVA;71JX9HXE W7X;MLPMLN
2019-09-21;600242.0;3011;MOSKVA;71JX9HXE W7X;UFHSOF
2019-09-19;600004.0;6300;RAIFFEISEN LI;XXX K3 J749914K1D H491;PFXNXN
2019-11-04;600000.54;8099;MOSCOW;1CI 3H4D437 KAIA1W34D7;QMNRPM
2019-10-12;600000.0;5712;SANKT-PETERBU;Z3B;0XGDYO
2019-11-03;600000.0;5944;SANKT-PETERBU;I4J3XD KAXW;7HCOOX
2019-12-10;600000.0;9311;MOSCOW;D7HXZ.JL;EEPMAP
2019-10-18;600000.0;6538;MOSCOW;I7J8BI7J8 7H97_CX04H1;E4YLKK
2019-11-17;600000.0;5712;ST PETERSBURG;4317 8XC F I7KA H4D1;MDDSNF
2019-11-29;600000.0;6300;MOSKVA;XXX K3 J749914K1D H491;AYFYSF
2019-12-11;600000.0;6300;MOSKVA;XXX K3 J749914K1D H491;ELM06N
2019-10-03;600000.0;6538;MOSCOW;I7J8BI7J8 7H97_CX04H1;JKLQIM
2019-12-11;600000.0;5211;CHELYABINSK;CX8DOO 8XC;BXYCHD
2019-11-07;600000.0;5511;NAGORNOE,MYTI;EXJZ C7KA;JTTKMP
2019-10-28;600000.0;5719;MOSCOW;K7HXD C101H4 A7D73;MTLLTJ
2019-12-04;600000.0;6538;MOSCOW;I7J8BI7J8 7H97_CX04H1;E4TSB4
2019-09-26;600000.0;8099;MOSKVA;C184I7 B5-6;INPRMJ
2019-11-30;600000.0;5944;MOSCOW;E7OC7T1DOL;BGFFOD
2019-11-10;600000.0;5712;KOTELNIKI G;4W LT7JXT 8T;RJTRKJ
2019-11-27;600000.0;6538;MOSCOW;I7J8BI7J8 7H97_CX04H1;E4FA9O
2019-10-30;600000.0;6300;RAIFFEISEN LI;XXX K3 J749914K1D H491;JRRRMJ
2019-09-25;600000.0;5699;MOSKVA;IAJ4KE47D 84XJ JEU;EEBTQ9
2019-11-25;600000.0;5699;KRASNOGORSK;IA7D1H;7NGXXN
2019-11-29;600000.0;6538;MOSCOW;I7J8BI7J8 7H97_CX04H1;ZHSYSC
2019-12-16;600000.0;6538;MOSCOW;I7J8BI7J8 7H97_CX04H1;E4UQQE
2019-11-14;600000.0;8999;CHELYABINSK;XXX OLJ3XD;QLKMPM
2019-10-09;600000.0;6300;RAIFFEISEN LI;XXX K3 J749914K1D H491;EEPKZH
2019-10-27;600000.0;5511;MOSCOW;7EXK7HXD;MFOGXF
2019-10-05;600000.0;5511;BALASHIKHA;H1Z7E CKK0;ZNCHGF
2019-11-30;600000.0;5521;ZARECHE;W7D7TEX-T;EETOSM
2019-09-27;599999.91;4511;MOSKVA;KX84K.JL/GVPGFVS555;JQMTJM
2019-11-22;599500.0;5651;MOSKVA;34EXD;9YSDFF
2019-10-14;599340.37;9399;MOSKVA;CLHE4K1JT4KD7O7 WH7E12;EL24KE
2019-12-03;599000.0;4722;MOSCOW;XXX 3H70 C18 J7KA7;LJKPRR
2019-11-27;598589.56;4722;IE.HOTELS.COM;AXE1HKIXCSBMV55BQB5SGP;EEM8PV
2019-11-04;598150.23;7011;DUBAI;7EH7DE4K EA1 W7HC H4C4;ELTMYV
2019-11-26;598000.0;4722;MOSCOW;E7 8TX4DX4 LKW13A;8ELGE6
2019-10-02;596599.07;8099;MOSCOW;1CI 3H4D437 XJHXTK34O;INKMNQ
2019-10-09;596373.59;9399;MOSKVA;CLHE4K1JT4KD7O7 WH7E12;8DHDOC
2019-12-07;595555.0;5944;MOSKVA;A. KE1JD;EEPB50
2019-10-06;595361.0;9311;MOSCOW;D7HXZ.JL;MNLNJQ
2019-10-07;595000.0;5944;MOSKVA;Y1U1HJO KEXJ1;ELCGOZ
2019-10-13;595000.0;5511;STPETERSBURG;TU 3H7KK437 7TEX B;8CSYCD
2019-10-08;595000.0;5944;SANKT-PETERBU;I7JE41J;ELO6P9
2019-11-06;595000.0;5511;SANKT-PETERBU;K3X87 B D1U CI XEA1J;E46ZCE
2019-11-30;594800.8;5699;ROMA;91D84 4E7H47 Q;MNQRJQ
2019-10-07;594412.0;6538;ONLINE;ngtgwlpla.igv/rzidlwcr;EL46E9
2019-12-14;594200.0;5511;SANKT-PETERBU;J1KW0 D1T7M XH8 CI XE;E4YMXM
2019-09-23;594162.0;3011;MOSKVA;71JX9HXE W7X;RLKLQK
2019-10-04;594000.0;5511;Moskva;EJC 5VG6F;TPJMKI
2019-09-29;593775.0;5651;MOSCOW;XXX WJ1ZX;LKKTMT
2019-09-20;593550.0;5699;BARVIKHA D.;97KA4XD;LDCOCX
2019-11-13;593450.0;5651;MOSKVA;HXJX W47D7;MNJKPN
2019-11-11;593401.0;3011;MOSKVA;71JX9HXE W7X;KTMJTQ
